AnimalID,Sex,DateofCapture,DateofRecapture,weight,weight2,GroupID,GroupSize,QueenID,GroupSizeRecapture,timediff,rateofbodymassgrowth
KR10M002,Male,01/12/2013,27/07/2014,45,92,Kuruman 10,4,KR10F004,5,238,0.197478992
KR10M002,Male,27/07/2014,17/02/2015,92,103,Kuruman 10,5,KR10F004,5,205,0.053658537
KR10M003,Male,02/12/2013,28/07/2014,142,142,Kuruman 10,4,KR10F004,5,238,0
KR10M003,Male,28/07/2014,16/02/2015,142,146,Kuruman 10,5,KR10F004,5,203,0.019704433
KR10M003,Male,16/02/2015,07/10/2015,146,160,Kuruman 10,5,KR10F004,5,233,0.060085837
KR10M003,Male,07/10/2015,26/04/2016,160,157,Kuruman 10,5,KR10F004,10,202,-0.014851485
KR10M003,Male,26/04/2016,20/02/2017,157,168,Kuruman 10,10,KR10F004,11,300,0.036666667
KR10M003,Male,20/02/2017,19/08/2017,168,165,Kuruman 10,11,KR10F004,12,180,-0.016666667
KR10M003,Male,19/08/2017,17/03/2018,165,170,Kuruman 10,12,KR10F004,17,210,0.023809524
KR10M003,Male,17/03/2018,03/10/2018,170,162,Kuruman 10,17,KR10F004,16,200,-0.04
KR10M003,Male,03/10/2018,13/03/2019,162,170,Kuruman 10,16,KR10F004,20,161,0.049689441
KR10M003,Male,13/03/2019,10/09/2019,170,138,Kuruman 10,20,KR10F004,19,181,-0.17679558
KR10M003,Male,10/09/2019,08/03/2020,138,146,Kuruman 10,19,KR10F004,16,180,0.044444444
KR10M006,Male,28/07/2014,16/02/2015,29,82,Kuruman 10,5,KR10F004,5,203,0.261083744
KR10M006,Male,16/02/2015,07/10/2015,82,121,Kuruman 10,5,KR10F004,5,233,0.167381974
KR10M006,Male,07/10/2015,26/04/2016,121,146,Kuruman 10,5,KR10F004,10,202,0.123762376
KR10M006,Male,26/04/2016,06/03/2017,146,191,Kuruman 10,10,KR10F004,2,314,0.143312102
KR10M006,Male,06/03/2017,13/09/2017,191,181,Kuruman 33,2,NA,4,191,-0.052356021
KR10M006,Male,17/10/2018,15/04/2019,171,181,Kuruman 33,5,KR1F019,7,180,0.055555556
KR10M006,Male,15/04/2019,10/10/2019,181,167,Kuruman 33,7,KR1F019,7,178,-0.078651685
KR10M006,Male,10/10/2019,16/04/2020,167,163,Kuruman 33,7,KR1F019,6,189,-0.021164021
KR10M007,Male,07/10/2015,26/04/2016,57,101,Kuruman 10,5,KR10F004,10,202,0.217821782
KR10M007,Male,26/04/2016,07/02/2017,101,182,Kuruman 10,10,KR10F004,12,287,0.282229965
KR10M013,Male,04/05/2017,09/10/2017,127,130,Kuruman 34,2,KR13F043,4,158,0.018987342
KR10M013,Male,06/04/2019,09/09/2019,143,129,Kuruman 34,7,KR13F043,8,156,-0.08974359
KR10M013,Male,09/09/2019,02/04/2020,129,147,Kuruman 34,8,KR13F043,8,206,0.087378641
KR10M014,Male,20/02/2017,19/08/2017,102,122,Kuruman 10,11,KR10F004,12,180,0.111111111
KR10M014,Male,19/08/2017,17/03/2018,122,150,Kuruman 10,12,KR10F004,17,210,0.133333333
KR10M014,Male,17/03/2018,02/10/2018,150,141,Kuruman 10,17,KR10F004,16,199,-0.045226131
KR10M014,Male,02/10/2018,14/03/2019,141,151,Kuruman 10,16,KR10F004,20,163,0.061349693
KR10M014,Male,14/03/2019,09/09/2019,151,134,Kuruman 10,20,KR10F004,19,179,-0.094972067
KR10M014,Male,09/09/2019,12/03/2020,134,145,Kuruman 10,19,KR10F004,16,185,0.059459459
KR10M016,Male,21/02/2017,19/08/2017,93,118,Kuruman 10,11,KR10F004,12,179,0.139664804
KR10M016,Male,19/08/2017,18/03/2018,118,147,Kuruman 10,12,KR10F004,17,211,0.137440758
KR10M016,Male,18/03/2018,03/10/2018,147,131,Kuruman 10,17,KR10F004,16,199,-0.08040201
KR10M016,Male,03/10/2018,13/03/2019,131,146,Kuruman 10,16,KR10F004,20,161,0.093167702
KR10M016,Male,13/03/2019,09/09/2019,146,119,Kuruman 10,20,KR10F004,19,180,-0.15
KR10M018,Male,21/02/2017,19/08/2017,48,92,Kuruman 10,11,KR10F004,12,179,0.245810056
KR10M018,Male,19/08/2017,18/03/2018,92,143,Kuruman 10,12,KR10F004,17,211,0.241706161
KR10M019,Male,22/02/2017,19/08/2017,92,134,Kuruman 10,11,KR10F004,12,178,0.235955056
KR10M019,Male,19/08/2017,17/03/2018,134,174,Kuruman 10,12,KR10F004,17,210,0.19047619
KR10M019,Male,17/03/2018,16/10/2018,174,181,Kuruman 10,17,KR10F004,3,213,0.03286385
KR10M019,Male,16/10/2018,13/03/2019,181,186,Kuruman 42,3,KR1F022,6,148,0.033783784
KR10M019,Male,13/03/2019,09/10/2019,186,178,Kuruman 42,6,KR1F022,7,210,-0.038095238
KR10M019,Male,09/10/2019,14/03/2020,178,192,Kuruman 42,7,KR1F022,7,157,0.089171975
KR10M020,Male,23/02/2017,22/08/2017,83,123,Kuruman 10,11,KR10F004,12,180,0.222222222
KR10M020,Male,22/08/2017,18/03/2018,123,170,Kuruman 10,12,KR10F004,17,208,0.225961538
KR10M021,Male,23/02/2017,19/08/2017,75,130,Kuruman 10,11,KR10F004,12,177,0.310734463
KR10M021,Male,19/08/2017,17/03/2018,130,177,Kuruman 10,12,KR10F004,17,210,0.223809524
KR10M023,Male,21/08/2017,18/03/2018,52,113,Kuruman 10,12,KR10F004,17,209,0.291866029
KR10M023,Male,18/03/2018,05/10/2018,113,140,Kuruman 10,17,KR10F004,16,201,0.134328358
KR10M023,Male,05/10/2018,13/03/2019,140,143,Kuruman 10,16,KR10F004,20,159,0.018867925
KR10M023,Male,13/03/2019,09/09/2019,143,124,Kuruman 10,20,KR10F004,19,180,-0.105555556
KR10M023,Male,09/09/2019,12/03/2020,124,144,Kuruman 10,19,KR10F004,16,185,0.108108108
KR10M025,Male,21/08/2017,19/03/2018,24,84,Kuruman 10,12,KR10F004,17,210,0.285714286
KR10M025,Male,19/03/2018,06/10/2018,84,96,Kuruman 10,17,KR10F004,16,201,0.059701493
KR10M025,Male,06/10/2018,14/03/2019,96,112,Kuruman 10,16,KR10F004,20,159,0.100628931
KR10M025,Male,14/03/2019,10/09/2019,112,108,Kuruman 10,20,KR10F004,19,180,-0.022222222
KR10M025,Male,10/09/2019,11/03/2020,108,121,Kuruman 10,19,KR10F004,16,183,0.071038251
KR10M026,Male,19/03/2018,07/10/2018,60,109,Kuruman 10,17,KR10F004,16,202,0.242574257
KR10M026,Male,07/10/2018,13/03/2019,109,111,Kuruman 10,16,KR10F004,20,157,0.012738854
KR10M026,Male,13/03/2019,09/09/2019,111,101,Kuruman 10,20,KR10F004,19,180,-0.055555556
KR10M026,Male,09/09/2019,12/03/2020,101,113,Kuruman 10,19,KR10F004,16,185,0.064864865
KR10M027,Male,19/03/2018,04/10/2018,59,105,Kuruman 10,17,KR10F004,16,199,0.231155779
KR10M027,Male,04/10/2018,13/03/2019,105,116,Kuruman 10,16,KR10F004,20,160,0.06875
KR10M027,Male,13/03/2019,10/09/2019,116,113,Kuruman 10,20,KR10F004,19,181,-0.016574586
KR10M027,Male,10/09/2019,09/03/2020,113,126,Kuruman 10,19,KR10F004,16,181,0.071823204
KR10M028,Male,17/03/2018,03/10/2018,100,136,Kuruman 10,17,KR10F004,16,200,0.18
KR10M028,Male,03/10/2018,13/03/2019,136,155,Kuruman 10,16,KR10F004,20,161,0.118012422
KR10M028,Male,13/03/2019,09/09/2019,155,141,Kuruman 10,20,KR10F004,19,180,-0.077777778
KR10M028,Male,09/09/2019,10/03/2020,141,157,Kuruman 10,19,KR10F004,16,183,0.087431694
KR10M029,Male,20/03/2018,06/10/2018,50,91,Kuruman 10,17,KR10F004,16,200,0.205
KR10M029,Male,06/10/2018,12/03/2019,91,102,Kuruman 10,16,KR10F004,20,157,0.070063694
KR10M029,Male,12/03/2019,10/09/2019,102,97,Kuruman 10,20,KR10F004,19,182,-0.027472527
KR10M029,Male,10/09/2019,10/03/2020,97,107,Kuruman 10,19,KR10F004,16,182,0.054945055
KR10M030,Male,04/10/2018,13/03/2019,58,87,Kuruman 10,16,KR10F004,20,160,0.18125
KR10M030,Male,13/03/2019,10/09/2019,87,77,Kuruman 10,20,KR10F004,19,181,-0.055248619
KR10M031,Male,05/10/2018,12/03/2019,35,67,Kuruman 10,16,KR10F004,20,158,0.202531646
KR10M031,Male,12/03/2019,10/09/2019,67,86,Kuruman 10,20,KR10F004,19,182,0.104395604
KR10M031,Male,10/09/2019,09/03/2020,86,109,Kuruman 10,19,KR10F004,16,181,0.127071823
KR10M032,Male,06/10/2018,13/03/2019,41,65,Kuruman 10,16,KR10F004,20,158,0.151898734
KR10M032,Male,13/03/2019,10/09/2019,65,70,Kuruman 10,20,KR10F004,19,181,0.027624309
KR10M032,Male,10/09/2019,11/03/2020,70,87,Kuruman 10,19,KR10F004,16,183,0.092896175
KR10M033,Male,06/10/2018,13/03/2019,33,77,Kuruman 10,16,KR10F004,20,158,0.278481013
KR10M033,Male,13/03/2019,10/09/2019,77,75,Kuruman 10,20,KR10F004,19,181,-0.011049724
KR10M033,Male,10/09/2019,11/03/2020,75,101,Kuruman 10,19,KR10F004,16,183,0.142076503
KR10M034,Male,16/03/2019,09/09/2019,30,53,Kuruman 10,20,KR10F004,19,177,0.129943503
KR10M034,Male,09/09/2019,11/03/2020,53,83,Kuruman 10,19,KR10F004,16,184,0.163043478
KR10M035,Male,17/03/2019,10/09/2019,30,63,Kuruman 10,20,KR10F004,19,177,0.186440678
KR10M035,Male,10/09/2019,09/03/2020,63,92,Kuruman 10,19,KR10F004,16,181,0.160220994
KR10M037,Male,14/03/2019,10/09/2019,66,83,Kuruman 10,20,KR10F004,19,180,0.094444444
KR11M004,Male,21/02/2017,19/08/2017,85,115,Kuruman 11,7,KR11F001,11,179,0.167597765
KR11M004,Male,19/08/2017,17/03/2018,115,164,Kuruman 11,11,KR11F001,15,210,0.233333333
KR11M004,Male,17/03/2018,06/10/2018,164,170,Kuruman 11,15,KR11F001,16,203,0.02955665
KR11M004,Male,06/10/2018,14/03/2019,170,178,Kuruman 11,16,NA,22,159,0.050314465
KR11M004,Male,14/03/2019,25/09/2019,178,147,Kuruman 11,22,KR11F001,20,195,-0.158974359
KR11M004,Male,25/09/2019,01/04/2020,147,135,Kuruman 11,20,KR11F001,17,189,-0.063492063
KR11M009,Male,20/08/2017,18/03/2018,54,122,Kuruman 11,11,KR11F001,15,210,0.323809524
KR11M009,Male,18/03/2018,03/10/2018,122,152,Kuruman 11,15,KR11F001,16,199,0.150753769
KR11M009,Male,03/10/2018,13/03/2019,152,183,Kuruman 11,16,NA,22,161,0.192546584
KR11M009,Male,13/03/2019,24/09/2019,183,137,Kuruman 11,22,KR11F001,20,195,-0.235897436
KR11M009,Male,24/09/2019,30/03/2020,137,126,Kuruman 11,20,KR11F001,17,188,-0.058510638
KR11M010,Male,20/08/2017,18/03/2018,29,105,Kuruman 11,11,KR11F001,15,210,0.361904762
KR11M010,Male,14/03/2019,26/09/2019,159,133,Kuruman 11,22,KR11F001,20,196,-0.132653061
KR11M010,Male,26/09/2019,01/04/2020,133,132,Kuruman 11,20,KR11F001,17,188,-0.005319149
KR11M011,Male,20/08/2017,18/03/2018,28,92,Kuruman 11,11,KR11F001,15,210,0.304761905
KR11M011,Male,18/03/2018,03/10/2018,92,117,Kuruman 11,15,KR11F001,16,199,0.125628141
KR11M011,Male,03/10/2018,13/03/2019,117,139,Kuruman 11,16,NA,22,161,0.136645963
KR11M011,Male,13/03/2019,24/09/2019,139,117,Kuruman 11,22,KR11F001,20,195,-0.112820513
KR11M011,Male,24/09/2019,01/04/2020,117,112,Kuruman 11,20,KR11F001,17,190,-0.026315789
KR11M014,Male,20/03/2018,14/03/2019,48,111,Kuruman 11,15,KR11F001,22,359,0.175487465
KR11M014,Male,14/03/2019,25/09/2019,111,101,Kuruman 11,22,KR11F001,20,195,-0.051282051
KR11M014,Male,25/09/2019,30/03/2020,101,93,Kuruman 11,20,KR11F001,17,187,-0.042780749
KR11M017,Male,04/10/2018,14/03/2019,54,92,Kuruman 11,16,NA,22,161,0.236024845
KR11M017,Male,14/03/2019,23/09/2019,92,87,Kuruman 11,22,KR11F001,20,193,-0.025906736
KR11M017,Male,23/09/2019,31/03/2020,87,82,Kuruman 11,20,KR11F001,17,190,-0.026315789
KR11M020,Male,13/03/2019,25/09/2019,79,82,Kuruman 11,22,KR11F001,20,196,0.015306122
KR11M023,Male,14/03/2019,23/09/2019,50,66,Kuruman 11,22,KR11F001,20,193,0.082901554
KR11M023,Male,23/09/2019,31/03/2020,66,65,Kuruman 11,20,KR11F001,17,190,-0.005263158
KR11M024,Male,14/03/2019,27/09/2019,46,64,Kuruman 11,22,KR11F001,20,197,0.091370558
KR13M004,Male,23/01/2014,06/08/2014,210,191,Kuruman 13,26,KR13F013,21,195,-0.097435897
KR13M004,Male,06/08/2014,10/02/2015,191,197,Kuruman 13,21,KR13F013,23,188,0.031914894
KR13M004,Male,10/02/2015,24/09/2015,197,193,Kuruman 13,23,KR13F013,22,226,-0.017699115
KR13M004,Male,24/09/2015,13/04/2016,193,196,Kuruman 13,22,KR13F013,24,202,0.014851485
KR13M004,Male,13/04/2016,24/01/2017,196,218,Kuruman 13,24,KR13F013,13,286,0.076923077
KR13M005,Male,23/01/2014,05/08/2014,105,139,Kuruman 13,26,KR13F013,21,194,0.175257732
KR13M005,Male,05/08/2014,10/02/2015,139,164,Kuruman 13,21,KR13F013,23,189,0.132275132
KR13M005,Male,08/05/2017,10/10/2017,175,181,Kuruman 36,14,KR1F004,14,155,0.038709677
KR13M005,Male,10/10/2017,21/04/2018,181,203,Kuruman 36,14,KR1F004,9,193,0.113989637
KR13M005,Male,21/04/2018,14/10/2018,203,167,Kuruman 36,9,KR1F004,12,176,-0.204545455
KR13M005,Male,14/10/2018,17/04/2019,167,192,Kuruman 36,12,KR1F004,15,185,0.135135135
KR13M008,Male,23/01/2014,05/08/2014,113,136,Kuruman 13,26,KR13F013,21,194,0.118556701
KR13M008,Male,05/08/2014,11/02/2015,136,155,Kuruman 13,21,KR13F013,23,190,0.1
KR13M012,Male,24/01/2014,06/08/2014,104,130,Kuruman 13,26,KR13F013,21,194,0.134020619
KR13M012,Male,06/08/2014,11/02/2015,130,140,Kuruman 13,21,KR13F013,23,189,0.052910053
KR13M015,Male,24/01/2014,06/08/2014,89,106,Kuruman 13,26,KR13F013,21,194,0.087628866
KR13M015,Male,06/08/2014,10/02/2015,106,126,Kuruman 13,21,KR13F013,23,188,0.106382979
KR13M022,Male,26/01/2014,05/08/2014,100,121,Kuruman 13,26,KR13F013,21,191,0.109947644
KR13M022,Male,05/08/2014,10/02/2015,121,148,Kuruman 13,21,KR13F013,23,189,0.142857143
KR13M024,Male,27/01/2014,06/08/2014,33,99,Kuruman 13,26,KR13F013,21,191,0.345549738
KR13M024,Male,06/08/2014,10/02/2015,99,128,Kuruman 13,21,KR13F013,23,188,0.154255319
KR13M026,Male,28/01/2014,07/08/2014,35,97,Kuruman 13,26,KR13F013,21,191,0.32460733
KR13M026,Male,07/08/2014,10/02/2015,97,123,Kuruman 13,21,KR13F013,23,187,0.139037433
KR13M029,Male,22/09/2015,12/04/2016,147,178,Kuruman 13,22,KR13F013,24,203,0.15270936
KR13M029,Male,05/02/2017,09/08/2017,176,163,Kuruman 27,11,KR13F006,12,185,-0.07027027
KR13M029,Male,28/11/2018,18/09/2019,194,174,Kuruman 27,8,KR13F006,6,294,-0.068027211
KR13M029,Male,18/09/2019,06/05/2020,174,181,Kuruman 27,6,KR13F006,8,231,0.03030303
KR13M030,Male,08/08/2014,10/02/2015,39,86,Kuruman 13,21,KR13F013,23,186,0.252688172
KR13M030,Male,10/02/2015,20/09/2015,86,137,Kuruman 13,23,KR13F013,22,222,0.22972973
KR13M030,Male,20/09/2015,12/04/2016,137,157,Kuruman 13,22,KR13F013,24,205,0.097560976
KR13M031,Male,08/08/2014,11/02/2015,35,84,Kuruman 13,21,KR13F013,23,187,0.262032086
KR13M031,Male,11/02/2015,20/09/2015,84,140,Kuruman 13,23,KR13F013,22,221,0.253393665
KR13M032,Male,12/02/2015,23/09/2015,29,96,Kuruman 13,23,KR13F013,22,223,0.30044843
KR13M032,Male,23/09/2015,12/04/2016,96,130,Kuruman 13,22,KR13F013,24,202,0.168316832
KR13M033,Male,11/02/2015,22/09/2015,23,81,Kuruman 13,23,KR13F013,22,223,0.260089686
KR13M033,Male,22/09/2015,12/04/2016,81,122,Kuruman 13,22,KR13F013,24,203,0.201970443
KR13M033,Male,12/04/2016,07/02/2017,122,163,Kuruman 13,24,KR13F013,12,301,0.136212625
KR13M036,Male,13/02/2015,23/09/2015,22,81,Kuruman 13,23,KR13F013,22,222,0.265765766
KR13M036,Male,23/09/2015,13/04/2016,81,117,Kuruman 13,22,KR13F013,24,203,0.177339901
KR13M041,Male,22/09/2015,13/04/2016,35,93,Kuruman 13,22,KR13F013,24,204,0.284313725
KR13M041,Male,13/04/2016,24/01/2017,93,178,Kuruman 13,24,KR13F013,13,286,0.297202797
KR13M045,Male,12/04/2016,23/01/2017,65,161,Kuruman 13,24,KR13F013,13,286,0.335664336
KR13M046,Male,13/04/2016,26/01/2017,68,145,Kuruman 13,24,KR13F013,13,288,0.267361111
KR13M046,Male,23/10/2017,21/04/2018,157,170,Kuruman 28,6,KR28F001,8,180,0.072222222
KR13M046,Male,21/04/2018,15/09/2018,170,163,Kuruman 28,8,KR28F001,9,147,-0.047619048
KR13M046,Male,15/09/2018,20/03/2019,163,185,Kuruman 28,9,KR28F001,11,186,0.11827957
KR13M046,Male,20/03/2019,17/09/2019,185,168,Kuruman 28,11,KR28F001,8,181,-0.093922652
KR13M046,Male,17/09/2019,20/03/2020,168,188,Kuruman 28,8,KR28F001,13,185,0.108108108
KR13M049,Male,14/04/2016,25/01/2017,20,135,Kuruman 13,24,KR13F013,13,286,0.402097902
KR13M049,Male,21/10/2017,14/04/2018,140,152,Kuruman 30,3,KR13F021,3,175,0.068571429
KR13M049,Male,14/04/2018,14/09/2018,152,154,Kuruman 30,3,KR13F021,3,153,0.013071895
KR13M051,Male,16/04/2016,24/01/2017,51,134,Kuruman 13,24,KR13F013,13,283,0.293286219
KR13M054,Male,20/04/2018,23/11/2018,179,194,Kuruman 28,8,KR28F001,5,217,0.069124424
KR13M054,Male,23/11/2018,21/03/2019,194,188,Kuruman 43,5,KR13F038,5,118,-0.050847458
KR13M054,Male,21/03/2019,17/09/2019,188,185,Kuruman 43,5,KR13F038,7,180,-0.016666667
KR13M054,Male,17/09/2019,17/03/2020,185,196,Kuruman 43,7,KR13F038,10,182,0.06043956
KR19M002,Male,13/02/2017,02/08/2017,22,64,Kuruman 19,8,KR13F017,7,170,0.247058824
KR19M004,Male,14/02/2017,03/08/2017,75,87,Kuruman 19,8,KR13F017,7,170,0.070588235
KR19M005,Male,25/03/2019,18/11/2019,107,120,Kuruman 19,9,KR13F017,12,238,0.054621849
KR19M005,Male,18/11/2019,30/04/2020,120,106,Kuruman 19,12,KR13F017,10,164,-0.085365854
KR19M006,Male,14/02/2017,01/08/2017,25,67,Kuruman 19,8,KR13F017,7,168,0.25
KR19M006,Male,01/08/2017,23/05/2018,67,96,Kuruman 19,7,KR13F017,8,295,0.098305085
KR19M006,Male,23/05/2018,15/11/2018,96,115,Kuruman 19,8,KR13F017,6,176,0.107954545
KR19M006,Male,15/11/2018,25/03/2019,115,119,Kuruman 19,6,KR13F017,9,130,0.030769231
KR19M006,Male,25/03/2019,20/11/2019,119,117,Kuruman 19,9,KR13F017,12,240,-0.008333333
KR19M006,Male,20/11/2019,28/04/2020,117,111,Kuruman 19,12,KR13F017,10,160,-0.0375
KR19M008,Male,23/05/2018,27/03/2019,60,100,Kuruman 19,8,KR13F017,9,308,0.12987013
KR19M011,Male,18/11/2018,17/11/2019,67,101,Kuruman 19,6,KR13F017,12,364,0.093406593
KR19M011,Male,17/11/2019,28/04/2020,101,90,Kuruman 19,12,KR13F017,10,163,-0.067484663
KR19M014,Male,16/11/2019,28/04/2020,64,74,Kuruman 19,12,KR13F017,10,164,0.06097561
KR19M016,Male,17/11/2019,29/04/2020,54,66,Kuruman 19,12,KR13F017,10,164,0.073170732
KR1M008,Male,18/11/2013,29/07/2014,52,100,Kuruman 1,18,KR1F007,10,253,0.18972332
KR1M008,Male,29/07/2014,18/02/2015,100,140,Kuruman 1,10,KR1F007,10,204,0.196078431
KR1M008,Male,18/02/2015,15/10/2015,140,162,Kuruman 1,10,KR1F007,7,239,0.092050209
KR1M008,Male,15/10/2015,27/04/2016,162,170,Kuruman 1,7,KR1F007,9,195,0.041025641
KR1M009,Male,18/11/2013,30/07/2014,163,154,Kuruman 1,18,KR1F007,10,254,-0.035433071
KR1M009,Male,30/07/2014,17/02/2015,154,169,Kuruman 1,10,KR1F007,10,202,0.074257426
KR1M009,Male,17/02/2015,16/10/2015,169,172,Kuruman 1,10,KR1F007,7,241,0.012448133
KR1M009,Male,16/10/2015,27/04/2016,172,162,Kuruman 1,7,KR1F007,9,194,-0.051546392
KR1M009,Male,03/05/2017,09/10/2017,173,165,Kuruman 1,4,KR1F007,4,159,-0.050314465
KR1M009,Male,09/10/2017,23/03/2018,165,171,Kuruman 1,4,KR1F007,4,165,0.036363636
KR1M010,Male,19/11/2013,16/09/2014,158,151,Kuruman 1,18,KR1F007,8,301,-0.023255814
KR1M010,Male,16/09/2014,27/03/2015,151,160,Lonely 13,8,L13F008,8,192,0.046875
KR1M010,Male,27/03/2015,23/02/2016,160,162,Lonely 13,8,L13F008,12,333,0.006006006
KR1M010,Male,23/02/2016,10/09/2016,162,169,Lonely 13,12,L13F008,8,200,0.035
KR1M010,Male,10/09/2016,06/06/2017,169,152,Lonely 13,8,L13F008,10,269,-0.063197026
KR1M017,Male,22/11/2013,27/07/2014,51,83,Kuruman 1,18,KR1F007,10,247,0.129554656
KR1M017,Male,27/07/2014,16/02/2015,83,114,Kuruman 1,10,KR1F007,10,204,0.151960784
KR20M001,Male,17/01/2017,02/08/2017,79,108,Kuruman 20,7,KR8F003,10,197,0.147208122
KR20M002,Male,19/01/2017,01/08/2017,26,77,Kuruman 20,7,KR8F003,10,194,0.262886598
KR20M002,Male,01/08/2017,09/05/2018,77,117,Kuruman 20,10,KR8F003,13,281,0.142348754
KR20M002,Male,09/05/2018,21/09/2018,117,109,Kuruman 20,13,KR8F003,14,135,-0.059259259
KR20M002,Male,21/09/2018,25/03/2019,109,135,Kuruman 20,14,KR8F003,17,185,0.140540541
KR20M003,Male,19/01/2017,02/08/2017,26,86,Kuruman 20,7,KR8F003,10,195,0.307692308
KR20M003,Male,02/08/2017,11/05/2018,86,134,Kuruman 20,10,KR8F003,13,282,0.170212766
KR20M003,Male,11/05/2018,22/09/2018,134,130,Kuruman 20,13,KR8F003,14,134,-0.029850746
KR20M004,Male,19/01/2017,02/08/2017,29,80,Kuruman 20,7,KR8F003,10,195,0.261538462
KR20M005,Male,18/01/2017,01/08/2017,29,95,Kuruman 20,7,KR8F003,10,195,0.338461538
KR20M005,Male,01/08/2017,10/05/2018,95,140,Kuruman 20,10,KR8F003,13,282,0.159574468
KR20M005,Male,10/05/2018,21/09/2018,140,142,Kuruman 20,13,KR8F003,14,134,0.014925373
KR20M005,Male,21/09/2018,25/03/2019,142,160,Kuruman 20,14,KR8F003,17,185,0.097297297
KR20M006,Male,02/08/2017,11/05/2018,48,98,Kuruman 20,10,KR8F003,13,282,0.177304965
KR20M006,Male,11/05/2018,22/09/2018,98,100,Kuruman 20,13,KR8F003,14,134,0.014925373
KR20M006,Male,22/09/2018,27/03/2019,100,135,Kuruman 20,14,KR8F003,17,186,0.188172043
KR20M008,Male,03/08/2017,10/05/2018,48,98,Kuruman 20,10,KR8F003,13,280,0.178571429
KR20M008,Male,10/05/2018,26/09/2018,98,113,Kuruman 20,13,KR8F003,14,139,0.107913669
KR20M008,Male,26/09/2018,27/03/2019,113,147,Kuruman 20,14,KR8F003,17,182,0.186813187
KR20M010,Male,13/05/2018,23/09/2018,69,100,Kuruman 20,13,KR8F003,14,133,0.233082707
KR20M010,Male,23/09/2018,25/03/2019,100,128,Kuruman 20,14,KR8F003,17,183,0.153005464
KR20M014,Male,22/09/2018,26/03/2019,55,96,Kuruman 20,14,KR8F003,17,185,0.221621622
KR24M003,Male,25/09/2019,30/03/2020,153,173,Kuruman 24,3,KR1F015,3,187,0.106951872
KR26M001,Male,31/01/2017,07/08/2017,62,109,Kuruman 26,5,KR13F025,9,188,0.25
KR26M001,Male,07/08/2017,01/04/2018,109,150,Kuruman 26,9,KR13F025,15,237,0.172995781
KR26M003,Male,31/01/2017,07/08/2017,58,98,Kuruman 26,5,KR13F025,9,188,0.212765957
KR26M003,Male,07/08/2017,31/03/2018,98,150,Kuruman 26,9,KR13F025,15,236,0.220338983
KR26M006,Male,08/08/2017,30/03/2018,80,129,Kuruman 26,9,KR13F025,15,234,0.209401709
KR26M008,Male,30/03/2018,07/11/2018,79,99,Kuruman 26,15,KR13F025,9,222,0.09009009
KR26M014,Male,06/11/2018,18/10/2019,58,126,Kuruman 26,9,KR13F025,13,346,0.196531792
KR26M015,Male,07/11/2018,17/10/2019,74,137,Kuruman 26,9,KR13F025,13,344,0.183139535
KR26M017,Male,17/10/2019,04/05/2020,93,124,Kuruman 26,13,KR13F025,11,200,0.155
KR26M018,Male,18/10/2019,04/05/2020,82,106,Kuruman 26,13,KR13F025,11,199,0.120603015
KR26M019,Male,18/10/2019,04/05/2020,78,86,Kuruman 26,13,KR13F025,11,199,0.040201005
KR26M020,Male,19/10/2019,04/05/2020,27,66,Kuruman 26,13,KR13F025,11,198,0.196969697
KR27M001,Male,25/07/2016,05/02/2017,61,106,Kuruman 27,3,KR13F006,11,195,0.230769231
KR27M001,Male,05/02/2017,07/08/2017,106,123,Kuruman 27,11,KR13F006,12,183,0.092896175
KR27M004,Male,06/02/2017,09/08/2017,28,85,Kuruman 27,11,KR13F006,12,184,0.309782609
KR27M004,Male,20/04/2018,14/11/2018,128,140,Kuruman 7,2,KR7F007,4,208,0.057692308
KR27M004,Male,02/10/2019,20/05/2020,137,142,Kuruman 7,11,KR7F007,6,231,0.021645022
KR27M005,Male,06/02/2017,11/08/2017,59,112,Kuruman 27,11,KR13F006,12,186,0.284946237
KR27M005,Male,11/08/2017,10/04/2018,112,166,Kuruman 27,12,KR13F006,16,242,0.223140496
KR27M006,Male,07/02/2017,09/08/2017,34,89,Kuruman 27,11,KR13F006,12,183,0.300546448
KR27M006,Male,09/08/2017,09/04/2018,89,148,Kuruman 27,12,KR13F006,16,243,0.242798354
KR27M009,Male,10/08/2017,07/04/2018,69,110,Kuruman 27,12,KR13F006,16,240,0.170833333
KR27M009,Male,21/09/2019,06/05/2020,165,149,Kuruman 27,6,KR13F006,8,228,-0.070175439
KR27M014,Male,07/04/2018,25/11/2018,49,131,Kuruman 27,16,KR13F006,8,232,0.353448276
KR27M015,Male,09/04/2018,28/11/2018,71,126,Kuruman 27,16,KR13F006,8,233,0.236051502
KR27M017,Male,10/04/2018,28/11/2018,29,114,Kuruman 27,16,KR13F006,8,232,0.36637931
KR28M005,Male,21/04/2018,15/09/2018,66,105,Kuruman 28,8,KR28F001,9,147,0.265306122
KR28M005,Male,15/09/2018,19/03/2019,105,141,Kuruman 28,9,KR28F001,11,185,0.194594595
KR28M007,Male,21/04/2018,15/09/2018,35,89,Kuruman 28,8,KR28F001,9,147,0.367346939
KR28M007,Male,15/09/2018,19/03/2019,89,127,Kuruman 28,9,KR28F001,11,185,0.205405405
KR28M008,Male,23/04/2018,15/09/2018,37,81,Kuruman 28,8,KR28F001,9,145,0.303448276
KR28M008,Male,15/09/2018,19/03/2019,81,126,Kuruman 28,9,KR28F001,11,185,0.243243243
KR28M010,Male,16/09/2018,19/03/2019,50,116,Kuruman 28,9,KR28F001,11,184,0.358695652
KR28M010,Male,19/03/2019,16/09/2019,116,131,Kuruman 28,11,KR28F001,8,181,0.082872928
KR28M010,Male,16/09/2019,17/03/2020,131,174,Kuruman 28,8,KR28F001,13,183,0.234972678
KR28M012,Male,20/03/2019,16/09/2019,33,86,Kuruman 28,11,KR28F001,8,180,0.294444444
KR28M012,Male,16/09/2019,19/03/2020,86,122,Kuruman 28,8,KR28F001,13,185,0.194594595
KR30M001,Male,20/10/2017,14/04/2018,30,75,Kuruman 30,3,KR13F021,3,176,0.255681818
KR30M001,Male,14/04/2018,14/09/2018,75,96,Kuruman 30,3,KR13F021,3,153,0.137254902
KR31M002,Male,15/05/2017,22/10/2017,92,114,Kuruman 31,3,KR31F001,6,160,0.1375
KR31M002,Male,22/10/2017,01/04/2018,114,130,Kuruman 31,6,KR31F001,7,161,0.099378882
KR31M003,Male,19/10/2017,29/03/2018,66,103,Kuruman 31,6,KR31F001,7,161,0.229813665
KR31M003,Male,30/09/2019,23/03/2020,170,172,Kuruman 45,2,KR45F001,3,175,0.011428571
KR31M007,Male,23/11/2019,20/04/2020,112,150,Kuruman 31,13,KR31F005,17,149,0.255033557
KR31M010,Male,24/11/2019,22/04/2020,62,104,Kuruman 31,13,KR31F005,17,150,0.28
KR31M013,Male,25/11/2019,21/04/2020,32,80,Kuruman 31,13,KR31F005,17,148,0.324324324
KR31M014,Male,25/11/2019,21/04/2020,155,167,Kuruman 31,13,KR31F005,17,148,0.081081081
KR31M015,Male,25/11/2019,20/04/2020,56,89,Kuruman 31,13,KR31F005,17,147,0.224489796
KR33M002,Male,16/10/2018,15/04/2019,133,146,Kuruman 33,5,KR1F019,7,181,0.071823204
KR33M002,Male,15/04/2019,09/10/2019,146,136,Kuruman 33,7,KR1F019,7,177,-0.056497175
KR33M002,Male,09/10/2019,15/04/2020,136,142,Kuruman 33,7,KR1F019,6,189,0.031746032
KR34M001,Male,06/04/2019,11/09/2019,85,83,Kuruman 34,7,KR13F043,8,158,-0.012658228
KR34M001,Male,11/09/2019,01/04/2020,83,98,Kuruman 34,8,KR13F043,8,203,0.073891626
KR34M002,Male,07/04/2019,09/09/2019,96,86,Kuruman 34,7,KR13F043,8,155,-0.064516129
KR34M002,Male,09/09/2019,02/04/2020,86,100,Kuruman 34,8,KR13F043,8,206,0.067961165
KR34M003,Male,06/04/2019,09/09/2019,60,118,Kuruman 34,7,KR13F043,8,156,0.371794872
KR34M003,Male,09/09/2019,01/04/2020,118,81,Kuruman 34,8,KR13F043,8,205,-0.180487805
KR35M002,Male,05/04/2019,06/10/2019,65,94,Kuruman 35,5,KR13F040,7,184,0.157608696
KR35M002,Male,06/10/2019,14/04/2020,94,107,Kuruman 35,7,KR13F040,9,191,0.068062827
KR35M005,Male,07/10/2019,13/04/2020,27,81,Kuruman 35,7,KR13F040,9,189,0.285714286
KR36M001,Male,08/05/2017,09/10/2017,117,136,Kuruman 36,14,KR1F004,14,154,0.123376623
KR36M001,Male,09/10/2017,06/04/2018,136,183,Kuruman 36,14,KR1F004,3,179,0.262569832
KR36M001,Male,06/04/2018,27/11/2018,183,141,Kuruman 39,3,KR13F019,5,235,-0.178723404
KR36M001,Male,27/11/2018,20/03/2019,141,156,Kuruman 39,5,KR13F019,5,113,0.132743363
KR36M001,Male,20/03/2019,16/09/2019,156,158,Kuruman 39,5,KR13F019,6,180,0.011111111
KR36M001,Male,16/09/2019,16/03/2020,158,168,Kuruman 39,6,KR13F019,6,182,0.054945055
KR36M002,Male,08/05/2017,10/10/2017,74,98,Kuruman 36,14,KR1F004,14,155,0.15483871
KR36M005,Male,08/05/2017,09/10/2017,35,89,Kuruman 36,14,KR1F004,14,154,0.350649351
KR36M007,Male,09/05/2017,09/10/2017,38,92,Kuruman 36,14,KR1F004,14,153,0.352941176
KR36M007,Male,09/10/2017,17/04/2018,92,155,Kuruman 36,14,KR1F004,9,190,0.331578947
KR36M007,Male,17/04/2018,04/04/2019,155,135,Kuruman 36,9,KR1F004,5,352,-0.056818182
KR36M007,Male,04/04/2019,06/10/2019,135,143,Kuruman 35,5,KR13F040,7,185,0.043243243
KR36M007,Male,06/10/2019,13/04/2020,143,165,Kuruman 35,7,KR13F040,9,190,0.115789474
KR36M014,Male,19/04/2018,14/10/2018,53,107,Kuruman 36,9,KR1F004,12,178,0.303370787
KR36M014,Male,14/10/2018,15/04/2019,107,175,Kuruman 36,12,KR1F004,15,183,0.371584699
KR36M015,Male,18/04/2018,13/10/2018,114,139,Kuruman 36,9,KR1F004,12,178,0.140449438
KR36M016,Male,13/10/2018,17/04/2019,85,156,Kuruman 36,12,KR1F004,15,186,0.38172043
KR36M017,Male,13/10/2018,15/04/2019,71,152,Kuruman 36,12,KR1F004,15,184,0.440217391
KR39M001,Male,28/11/2018,19/03/2019,48,63,Kuruman 39,5,KR13F019,5,111,0.135135135
KR39M001,Male,19/03/2019,17/09/2019,63,90,Kuruman 39,5,KR13F019,6,182,0.148351648
KR39M001,Male,17/09/2019,16/03/2020,90,113,Kuruman 39,6,KR13F019,6,181,0.127071823
KR39M002,Male,27/11/2018,20/03/2019,51,75,Kuruman 39,5,KR13F019,5,113,0.212389381
KR39M002,Male,20/03/2019,17/09/2019,75,102,Kuruman 39,5,KR13F019,6,181,0.149171271
KR39M003,Male,17/09/2019,17/03/2020,26,56,Kuruman 39,6,KR13F019,6,182,0.164835165
KR39M004,Male,17/09/2019,17/03/2020,29,72,Kuruman 39,6,KR13F019,6,182,0.236263736
KR42M003,Male,13/03/2019,07/10/2019,15,72,Kuruman 42,6,KR1F022,7,208,0.274038462
KR42M003,Male,07/10/2019,11/03/2020,72,93,Kuruman 42,7,KR1F022,7,156,0.134615385
KR42M004,Male,13/03/2019,06/10/2019,12,69,Kuruman 42,6,KR1F022,7,207,0.275362319
KR42M004,Male,06/10/2019,10/03/2020,69,94,Kuruman 42,7,KR1F022,7,156,0.16025641
KR43M001,Male,24/11/2018,20/03/2019,37,63,Kuruman 43,5,KR13F038,5,116,0.224137931
KR43M005,Male,19/09/2019,17/03/2020,35,82,Kuruman 43,7,KR13F038,10,180,0.261111111
KR49M001,Male,28/10/2019,20/05/2020,108,131,Kuruman 49,17,KR49F016,13,205,0.112195122
KR49M004,Male,28/10/2019,20/05/2020,63,90,Kuruman 49,17,KR49F016,13,205,0.131707317
KR49M007,Male,28/10/2019,19/05/2020,100,120,Kuruman 49,17,KR49F016,13,204,0.098039216
KR49M008,Male,28/10/2019,19/05/2020,102,114,Kuruman 49,17,KR49F016,13,204,0.058823529
KR49M010,Male,29/10/2019,18/05/2020,131,155,Kuruman 49,17,KR49F016,2,202,0.118811881
KR49M011,Male,29/10/2019,20/05/2020,104,144,Kuruman 49,17,KR49F016,13,204,0.196078431
KR7M014,Male,06/12/2013,08/08/2014,91,120,Kuruman 7,17,KR7F010,6,245,0.118367347
KR7M014,Male,08/08/2014,04/03/2015,120,138,Kuruman 7,6,NA,5,208,0.086538462
KR7M016,Male,06/12/2013,08/08/2014,63,99,Kuruman 7,17,KR7F010,6,245,0.146938776
KR7M016,Male,08/08/2014,03/03/2015,99,112,Kuruman 7,6,NA,5,207,0.062801932
KR7M016,Male,07/11/2018,10/03/2019,160,168,Kuruman 8,16,NA,15,123,0.06504065
KR7M016,Male,10/03/2019,16/10/2019,168,165,Kuruman 8,15,KR8F012,15,220,-0.013636364
KR7M016,Male,16/10/2019,20/04/2020,165,169,Kuruman 8,15,KR8F012,22,187,0.021390374
KR7M018,Male,14/11/2018,09/03/2019,35,67,Kuruman 7,4,KR7F007,6,115,0.27826087
KR7M018,Male,09/03/2019,30/09/2019,67,110,Kuruman 7,6,KR7F007,11,205,0.209756098
KR7M021,Male,10/03/2019,01/10/2019,51,97,Kuruman 7,6,KR7F007,11,205,0.224390244
KR7M022,Male,30/09/2019,20/05/2020,47,95,Kuruman 7,11,KR7F007,6,233,0.206008584
KR8M010,Male,07/02/2017,14/08/2017,66,101,Kuruman 8,12,KR8F002,11,188,0.186170213
KR8M011,Male,06/02/2017,14/08/2017,154,153,Kuruman 8,12,KR8F002,11,189,-0.005291005
KR8M011,Male,09/11/2018,10/03/2019,192,203,Kuruman 8,16,NA,15,121,0.090909091
KR8M011,Male,10/03/2019,16/10/2019,203,195,Kuruman 8,15,KR8F012,15,220,-0.036363636
KR8M011,Male,16/10/2019,20/04/2020,195,204,Kuruman 8,15,KR8F012,22,187,0.048128342
KR8M013,Male,08/02/2017,16/08/2017,90,143,Kuruman 8,12,KR8F002,11,189,0.28042328
KR8M013,Male,16/08/2017,02/05/2018,143,175,Kuruman 8,11,KR8F002,16,259,0.123552124
KR8M013,Male,02/05/2018,05/11/2018,175,180,Kuruman 8,16,KR8F002,16,187,0.026737968
KR8M013,Male,05/11/2018,10/03/2019,180,198,Kuruman 8,16,NA,15,125,0.144
KR8M013,Male,10/03/2019,16/10/2019,198,190,Kuruman 8,15,KR8F012,15,220,-0.036363636
KR8M013,Male,16/10/2019,21/04/2020,190,189,Kuruman 8,15,KR8F012,22,188,-0.005319149
KR8M018,Male,15/08/2017,02/05/2018,50,121,Kuruman 8,11,KR8F002,16,260,0.273076923
KR8M018,Male,02/05/2018,09/11/2018,121,128,Kuruman 8,16,KR8F002,16,191,0.036649215
KR8M019,Male,15/08/2017,01/05/2018,72,122,Kuruman 8,11,KR8F002,16,259,0.193050193
KR8M020,Male,30/04/2018,07/11/2018,45,96,Kuruman 8,16,KR8F002,16,191,0.267015707
KR8M020,Male,07/11/2018,10/03/2019,96,119,Kuruman 8,16,NA,15,123,0.18699187
KR8M022,Male,02/05/2018,05/11/2018,75,108,Kuruman 8,16,KR8F002,16,187,0.176470588
KR8M022,Male,05/11/2018,10/03/2019,108,137,Kuruman 8,16,NA,15,125,0.232
KR8M023,Male,07/11/2018,10/03/2019,107,145,Kuruman 8,16,NA,15,123,0.308943089
KR8M024,Male,09/11/2018,10/03/2019,100,120,Kuruman 8,16,NA,15,121,0.165289256
KR8M024,Male,10/03/2019,15/10/2019,120,131,Kuruman 8,15,KR8F012,15,219,0.050228311
KR8M024,Male,15/10/2019,20/04/2020,131,138,Kuruman 8,15,KR8F012,22,188,0.037234043
KR8M026,Male,02/05/2018,07/11/2018,64,124,Kuruman 8,16,KR8F002,16,189,0.317460317
KR8M026,Male,07/11/2018,10/03/2019,124,143,Kuruman 8,16,NA,15,123,0.154471545
KR8M032,Male,10/03/2019,15/10/2019,47,106,Kuruman 8,15,KR8F012,15,219,0.269406393
KR8M032,Male,15/10/2019,21/04/2020,106,125,Kuruman 8,15,KR8F012,22,189,0.100529101
KR8M034,Male,16/10/2019,20/04/2020,67,107,Kuruman 8,15,KR8F012,22,187,0.213903743
KR8M035,Male,16/10/2019,20/04/2020,80,120,Kuruman 8,15,KR8F012,22,187,0.213903743
KR8M037,Male,16/10/2019,20/04/2020,54,100,Kuruman 8,15,KR8F012,22,187,0.245989305
L10M001,Male,22/09/2016,21/06/2017,141,146,Lonely 10,3,L10F003,8,272,0.018382353
L11M001,Male,23/09/2013,03/03/2014,130,138,Lonely 11,25,L11F025,16,161,0.049689441
L11M001,Male,03/03/2014,29/01/2015,138,152,Lonely 11,16,NA,8,332,0.042168675
L11M001,Male,10/09/2016,30/05/2017,167,170,Lonely 14,9,L14F013,13,262,0.011450382
L11M002,Male,23/09/2013,03/03/2014,170,160,Lonely 11,25,L11F025,16,161,-0.062111801
L11M007,Male,23/09/2013,09/06/2014,119,145,Lonely 11,25,L11F025,2,259,0.1003861
L11M007,Male,09/06/2014,10/12/2014,145,156,Lonely 38,2,L38F001,5,184,0.059782609
L11M008,Male,23/09/2013,03/03/2014,55,102,Lonely 11,25,L11F025,16,161,0.291925466
L11M008,Male,03/03/2014,18/09/2014,102,125,Lonely 11,16,NA,9,199,0.115577889
L11M008,Male,18/09/2014,23/03/2015,125,143,Lonely 11,9,NA,8,186,0.096774194
L11M010,Male,24/09/2013,05/03/2014,104,117,Lonely 11,25,L11F025,16,162,0.080246914
L11M013,Male,24/09/2013,03/03/2014,152,150,Lonely 11,25,L11F025,16,160,-0.0125
L11M022,Male,24/09/2013,03/03/2014,112,129,Lonely 11,25,L11F025,16,160,0.10625
L11M022,Male,03/03/2014,23/06/2014,129,143,Lonely 11,16,NA,2,112,0.125
L11M022,Male,23/06/2014,08/03/2015,143,162,Lonely 17,2,NA,1,258,0.073643411
L11M023,Male,25/09/2013,02/03/2014,78,106,Lonely 11,25,L11F025,16,158,0.17721519
L11M023,Male,02/03/2014,17/09/2014,106,141,Lonely 11,16,NA,9,199,0.175879397
L11M023,Male,17/09/2014,24/03/2015,141,153,Lonely 11,9,NA,8,188,0.063829787
L13M003,Male,29/09/2013,02/03/2014,127,156,Lonely 13,12,L13F009,10,154,0.188311688
L13M003,Male,02/03/2014,10/10/2014,156,148,Lonely 13,10,L13F009,8,222,-0.036036036
L13M003,Male,17/09/2016,28/06/2017,157,147,Lonely 16,9,L16F001,12,284,-0.035211268
L13M004,Male,30/09/2013,03/03/2014,119,146,Lonely 13,12,L13F009,10,154,0.175324675
L13M007,Male,30/09/2013,01/03/2014,128,169,Lonely 13,12,L13F009,10,152,0.269736842
L13M012,Male,02/10/2013,02/03/2014,102,121,Lonely 13,12,L13F009,10,151,0.125827815
L13M016,Male,16/09/2014,26/03/2015,124,145,Lonely 13,8,L13F008,8,191,0.109947644
L13M016,Male,26/03/2015,27/02/2016,145,162,Lonely 13,8,L13F008,7,338,0.050295858
L13M016,Male,27/02/2016,09/09/2016,162,159,Lonely 15,7,L15F002,8,195,-0.015384615
L13M016,Male,09/09/2016,05/06/2017,159,157,Lonely 15,8,L15F002,10,269,-0.007434944
L13M022,Male,27/03/2015,23/02/2016,33,112,Lonely 13,8,L13F008,12,333,0.237237237
L13M023,Male,27/03/2015,23/02/2016,31,113,Lonely 13,8,L13F008,12,333,0.246246246
L13M028,Male,24/02/2016,10/09/2016,37,105,Lonely 13,12,L13F008,8,199,0.341708543
L13M028,Male,10/09/2016,05/06/2017,105,123,Lonely 13,8,L13F008,10,268,0.067164179
L13M031,Male,10/09/2016,05/06/2017,94,121,Lonely 13,8,L13F008,10,268,0.100746269
L14M001,Male,02/03/2014,16/09/2014,96,133,Lonely 14,13,L14F011,8,198,0.186868687
L14M002,Male,02/03/2014,16/09/2014,47,105,Lonely 14,13,L14F011,8,198,0.292929293
L14M002,Male,16/09/2014,31/01/2015,105,123,Lonely 14,8,L14F013,2,137,0.131386861
L14M002,Male,09/02/2016,10/09/2016,160,165,Lonely 62,6,L14F004,6,214,0.023364486
L14M002,Male,10/09/2016,05/06/2017,165,181,Lonely 62,6,L14F004,6,268,0.059701493
L14M005,Male,02/03/2014,17/09/2014,89,121,Lonely 14,13,L14F011,8,199,0.16080402
L14M005,Male,17/09/2014,29/01/2015,121,135,Lonely 14,8,L14F013,8,134,0.104477612
L14M010,Male,23/09/2016,21/06/2017,175,173,Lonely 48,6,L48F001,11,271,-0.007380074
L14M012,Male,03/03/2014,17/09/2014,51,115,Lonely 14,13,L14F011,8,198,0.323232323
L14M022,Male,08/02/2016,09/09/2016,73,120,Lonely 14,12,L14F013,9,214,0.219626168
L14M022,Male,09/09/2016,31/05/2017,120,148,Lonely 14,9,L14F013,13,264,0.106060606
L14M024,Male,10/02/2016,10/09/2016,42,98,Lonely 14,12,L14F013,9,213,0.262910798
L14M024,Male,10/09/2016,30/05/2017,98,126,Lonely 14,9,L14F013,13,262,0.106870229
L14M026,Male,11/02/2016,10/09/2016,45,105,Lonely 14,12,L14F013,9,212,0.283018868
L14M026,Male,10/09/2016,30/05/2017,105,138,Lonely 14,9,L14F013,13,262,0.125954198
L14M027,Male,09/09/2016,31/05/2017,103,139,Lonely 14,9,L14F013,13,264,0.136363636
L14M028,Male,10/09/2016,30/05/2017,65,114,Lonely 14,9,L14F013,13,262,0.187022901
L15M001,Male,07/03/2014,09/10/2014,120,109,Lonely 15,2,L15F002,3,216,-0.050925926
L15M001,Male,09/10/2014,23/03/2015,109,125,Lonely 15,3,L15F002,3,165,0.096969697
L15M004,Male,26/02/2016,09/09/2016,40,89,Lonely 15,7,L15F002,8,196,0.25
L15M004,Male,09/09/2016,05/06/2017,89,118,Lonely 15,8,L15F002,10,269,0.107806691
L15M007,Male,27/02/2016,09/09/2016,38,82,Lonely 15,7,L15F002,8,195,0.225641026
L15M007,Male,09/09/2016,05/06/2017,82,91,Lonely 15,8,L15F002,10,269,0.033457249
L16M002,Male,13/03/2014,11/10/2014,83,114,Lonely 16,2,L16F001,8,212,0.146226415
L16M011,Male,16/09/2016,27/06/2017,36,96,Lonely 16,9,L16F001,12,284,0.211267606
L16M012,Male,17/09/2016,27/06/2017,30,90,Lonely 16,9,L16F001,12,283,0.212014134
L16M014,Male,17/09/2016,28/06/2017,73,99,Lonely 16,9,L16F001,12,284,0.091549296
L18M001,Male,13/03/2014,30/09/2014,116,120,Lonely 18,14,L18F002,9,201,0.019900498
L18M012,Male,16/03/2014,01/10/2014,56,83,Lonely 18,14,L18F002,9,199,0.135678392
L18M015,Male,17/09/2016,27/06/2017,139,133,Lonely 18,3,L18F002,7,283,-0.021201413
L20M007,Male,07/10/2016,20/07/2017,59,115,Lonely 20,11,L20F010,10,286,0.195804196
L20M008,Male,07/10/2016,21/07/2017,67,113,Lonely 20,11,L20F010,10,287,0.160278746
L20M009,Male,08/10/2016,20/07/2017,60,115,Lonely 20,11,L20F010,10,285,0.192982456
L25M001,Male,22/09/2016,21/06/2017,126,155,Lonely 25,3,L16F007,6,272,0.106617647
L25M002,Male,22/09/2016,21/06/2017,134,158,Lonely 25,3,L16F007,6,272,0.088235294
L26M001,Male,29/10/2019,20/05/2020,170,176,Kuruman 49,17,KR49F016,13,204,0.029411765
L26M003,Male,06/10/2016,15/07/2017,147,151,Lonely 26,10,L26F007,10,282,0.014184397
L26M006,Male,07/10/2016,14/07/2017,75,116,Lonely 26,10,L26F007,10,280,0.146428571
L26M009,Male,08/10/2016,14/07/2017,33,95,Lonely 26,10,L26F007,10,279,0.222222222
L40M007,Male,22/09/2016,21/06/2017,88,122,Lonely 40,10,L40F006,12,272,0.125
L40M008,Male,22/09/2016,21/06/2017,127,139,Lonely 40,10,L40F006,12,272,0.044117647
L40M010,Male,22/09/2016,21/06/2017,145,144,Lonely 40,10,L40F006,12,272,-0.003676471
L40M011,Male,22/09/2016,21/06/2017,41,108,Lonely 40,10,L40F006,12,272,0.246323529
L43M002,Male,23/09/2016,22/06/2017,157,152,Lonely 40,10,L40F006,12,272,-0.018382353
L46M001,Male,03/03/2016,16/09/2016,154,153,Lonely 46,10,L46F002,10,197,-0.005076142
L46M001,Male,16/09/2016,28/06/2017,153,154,Lonely 46,10,L46F002,12,285,0.003508772
L46M016,Male,16/09/2016,27/06/2017,64,106,Lonely 46,10,L46F002,12,284,0.147887324
L46M018,Male,16/09/2016,27/06/2017,90,127,Lonely 46,10,L46F002,12,284,0.13028169
L46M019,Male,16/09/2016,28/06/2017,43,105,Lonely 46,10,L46F002,12,285,0.21754386
L48M002,Male,22/09/2016,22/06/2017,73,130,Lonely 48,6,L48F001,11,273,0.208791209
L48M003,Male,22/09/2016,22/06/2017,95,128,Lonely 48,6,L48F001,11,273,0.120879121
L48M004,Male,22/09/2016,22/06/2017,79,111,Lonely 48,6,L48F001,11,273,0.117216117
L48M005,Male,23/09/2016,23/06/2017,46,77,Lonely 48,6,L48F001,11,273,0.113553114
L62M003,Male,10/02/2016,10/09/2016,36,104,Lonely 62,6,L14F004,6,213,0.319248826
L62M003,Male,10/09/2016,06/06/2017,104,143,Lonely 62,6,L14F004,6,269,0.144981413
KR10F005,Female,28/07/2014,16/02/2015,28,70,Kuruman 10,5,KR10F004,5,203,0.206896552
KR10F005,Female,16/02/2015,08/10/2015,70,111,Kuruman 10,5,KR10F004,5,234,0.175213675
KR10F005,Female,08/10/2015,26/04/2016,111,113,Kuruman 10,5,KR10F004,10,201,0.009950249
KR10F022,Female,04/10/2018,16/03/2019,124,127,Kuruman 10,16,KR10F004,20,163,0.018404908
KR10F022,Female,16/03/2019,09/09/2019,127,112,Kuruman 10,20,KR10F004,19,177,-0.084745763
KR10F022,Female,09/09/2019,09/03/2020,112,130,Kuruman 10,19,KR10F004,16,182,0.098901099
KR10F024,Female,21/08/2017,18/03/2018,60,97,Kuruman 10,12,KR10F004,17,209,0.177033493
KR10F024,Female,18/03/2018,04/10/2018,97,106,Kuruman 10,17,KR10F004,16,200,0.045
KR10F024,Female,04/10/2018,13/03/2019,106,111,Kuruman 10,16,KR10F004,20,160,0.03125
KR10F024,Female,13/03/2019,10/09/2019,111,101,Kuruman 10,20,KR10F004,19,181,-0.055248619
KR10F024,Female,10/09/2019,09/03/2020,101,120,Kuruman 10,19,KR10F004,16,181,0.104972376
KR11F002,Female,20/02/2017,19/08/2017,43,94,Kuruman 11,7,KR11F001,11,180,0.283333333
KR11F002,Female,19/08/2017,18/03/2018,94,119,Kuruman 11,11,KR11F001,15,211,0.118483412
KR11F002,Female,18/03/2018,03/10/2018,119,119,Kuruman 11,15,KR11F001,16,199,0
KR11F002,Female,03/10/2018,14/03/2019,119,133,Kuruman 11,16,NA,22,162,0.086419753
KR11F003,Female,21/02/2017,19/08/2017,76,116,Kuruman 11,7,KR11F001,11,179,0.223463687
KR11F003,Female,19/08/2017,19/03/2018,116,133,Kuruman 11,11,KR11F001,15,212,0.080188679
KR11F006,Female,22/02/2017,19/08/2017,43,92,Kuruman 11,7,KR11F001,11,178,0.275280899
KR11F006,Female,19/08/2017,17/03/2018,92,112,Kuruman 11,11,KR11F001,15,210,0.095238095
KR11F006,Female,17/03/2018,02/10/2018,112,137,Kuruman 11,15,KR11F001,16,199,0.125628141
KR11F006,Female,02/10/2018,13/03/2019,137,142,Kuruman 11,16,NA,22,162,0.030864198
KR11F006,Female,13/03/2019,23/09/2019,142,121,Kuruman 11,22,KR11F001,20,194,-0.108247423
KR11F007,Female,19/08/2017,18/03/2018,53,98,Kuruman 11,11,KR11F001,15,211,0.213270142
KR11F007,Female,18/03/2018,05/10/2018,98,123,Kuruman 11,15,KR11F001,16,201,0.124378109
KR11F007,Female,05/10/2018,13/03/2019,123,128,Kuruman 11,16,NA,22,159,0.031446541
KR11F008,Female,20/08/2017,18/03/2018,57,107,Kuruman 11,11,KR11F001,15,210,0.238095238
KR11F008,Female,18/03/2018,04/10/2018,107,121,Kuruman 11,15,KR11F001,16,200,0.07
KR11F008,Female,04/10/2018,13/03/2019,121,122,Kuruman 11,16,NA,22,160,0.00625
KR11F008,Female,13/03/2019,25/09/2019,122,111,Kuruman 11,22,KR11F001,20,196,-0.056122449
KR11F008,Female,25/09/2019,01/04/2020,111,104,Kuruman 11,20,KR11F001,17,189,-0.037037037
KR11F013,Female,07/10/2018,13/03/2019,77,92,Kuruman 11,16,NA,22,157,0.095541401
KR11F013,Female,13/03/2019,26/09/2019,92,79,Kuruman 11,22,KR11F001,20,197,-0.065989848
KR11F013,Female,26/09/2019,31/03/2020,79,84,Kuruman 11,20,KR11F001,17,187,0.026737968
KR11F015,Female,20/03/2018,02/10/2018,49,91,Kuruman 11,15,KR11F001,16,196,0.214285714
KR11F015,Female,02/10/2018,14/03/2019,91,115,Kuruman 11,16,NA,22,163,0.147239264
KR11F015,Female,14/03/2019,24/09/2019,115,99,Kuruman 11,22,KR11F001,20,194,-0.082474227
KR11F015,Female,24/09/2019,31/03/2020,99,104,Kuruman 11,20,KR11F001,17,189,0.026455026
KR11F016,Female,03/10/2018,13/03/2019,47,79,Kuruman 11,16,NA,22,161,0.198757764
KR11F016,Female,13/03/2019,24/09/2019,79,74,Kuruman 11,22,KR11F001,20,195,-0.025641026
KR11F016,Female,24/09/2019,01/04/2020,74,85,Kuruman 11,20,KR11F001,17,190,0.057894737
KR11F019,Female,03/10/2018,14/03/2019,49,80,Kuruman 11,16,NA,22,162,0.191358025
KR11F019,Female,14/03/2019,23/09/2019,80,74,Kuruman 11,22,KR11F001,20,193,-0.031088083
KR11F019,Female,23/09/2019,31/03/2020,74,78,Kuruman 11,20,KR11F001,17,190,0.021052632
KR11F021,Female,13/03/2019,24/09/2019,70,70,Kuruman 11,22,KR11F001,20,195,0
KR11F021,Female,24/09/2019,31/03/2020,70,75,Kuruman 11,20,KR11F001,17,189,0.026455026
KR11F022,Female,14/03/2019,25/09/2019,55,71,Kuruman 11,22,KR11F001,20,195,0.082051282
KR11F022,Female,25/09/2019,01/04/2020,71,76,Kuruman 11,20,KR11F001,17,189,0.026455026
KR11M012,Female,18/03/2018,03/10/2018,45,89,Kuruman 11,15,KR11F001,16,199,0.221105528
KR11M012,Female,03/10/2018,13/03/2019,89,100,Kuruman 11,16,NA,22,161,0.068322981
KR11M012,Female,13/03/2019,25/09/2019,100,90,Kuruman 11,22,KR11F001,20,196,-0.051020408
KR11M012,Female,25/09/2019,30/03/2020,90,90,Kuruman 11,20,KR11F001,17,187,0
KR13F006,Female,23/01/2014,06/08/2014,108,105,Kuruman 13,26,KR13F013,21,195,-0.015384615
KR13F006,Female,20/09/2015,13/04/2016,138,128,Kuruman 13,22,KR13F013,1,206,-0.048543689
KR13F016,Female,24/01/2014,06/08/2014,95,118,Kuruman 13,26,KR13F013,21,194,0.118556701
KR13F016,Female,27/09/2015,17/04/2016,144,153,Kuruman 23,1,NA,1,203,0.044334975
KR13F016,Female,17/04/2016,17/01/2017,153,156,Kuruman 23,1,NA,1,275,0.010909091
KR13F016,Female,17/01/2017,02/08/2017,156,152,Kuruman 23,1,NA,1,197,-0.020304569
KR13F019,Female,25/01/2014,06/08/2014,78,117,Kuruman 13,26,KR13F013,21,193,0.202072539
KR13F019,Female,06/08/2014,10/02/2015,117,129,Kuruman 13,21,KR13F013,23,188,0.063829787
KR13F019,Female,10/02/2015,22/09/2015,129,147,Kuruman 13,23,KR13F013,22,224,0.080357143
KR13F020,Female,25/01/2014,06/08/2014,31,102,Kuruman 13,26,KR13F013,21,193,0.367875648
KR13F020,Female,06/08/2014,10/02/2015,102,108,Kuruman 13,21,KR13F013,23,188,0.031914894
KR13F021,Female,26/01/2014,06/08/2014,74,90,Kuruman 13,26,KR13F013,21,192,0.083333333
KR13F027,Female,08/08/2014,10/02/2015,35,82,Kuruman 13,21,KR13F013,23,186,0.252688172
KR13F028,Female,08/08/2014,10/02/2015,33,81,Kuruman 13,21,KR13F013,23,186,0.258064516
KR13F028,Female,10/02/2015,23/09/2015,81,100,Kuruman 13,23,KR13F013,22,225,0.084444444
KR13F034,Female,12/02/2015,22/09/2015,28,82,Kuruman 13,23,KR13F013,22,222,0.243243243
KR13F034,Female,22/09/2015,13/04/2016,82,108,Kuruman 13,22,KR13F013,24,204,0.12745098
KR13F035,Female,12/02/2015,24/09/2015,22,77,Kuruman 13,23,KR13F013,22,224,0.245535714
KR13F035,Female,24/09/2015,14/04/2016,77,91,Kuruman 13,22,KR13F013,24,203,0.068965517
KR13F037,Female,13/02/2015,22/09/2015,19,65,Kuruman 13,23,KR13F013,22,221,0.208144796
KR13F037,Female,22/09/2015,13/04/2016,65,84,Kuruman 13,22,KR13F013,24,204,0.093137255
KR13F037,Female,13/04/2016,06/09/2016,84,93,Kuruman 13,24,KR13F013,1,146,0.061643836
KR13F037,Female,06/09/2016,08/03/2017,93,109,Kuruman 15,1,NA,1,183,0.087431694
KR13F037,Female,08/03/2017,13/09/2017,109,107,Kuruman 15,1,NA,1,189,-0.010582011
KR13F038,Female,21/09/2015,14/04/2016,32,79,Kuruman 13,22,KR13F013,24,206,0.22815534
KR13F039,Female,21/09/2015,13/04/2016,76,92,Kuruman 13,22,KR13F013,24,205,0.07804878
KR13F040,Female,21/09/2015,12/04/2016,74,98,Kuruman 13,22,KR13F013,24,204,0.117647059
KR13F040,Female,02/05/2017,09/10/2017,111,117,Kuruman 35,1,NA,1,160,0.0375
KR13F040,Female,09/10/2017,23/03/2018,117,121,Kuruman 35,1,NA,1,165,0.024242424
KR13F040,Female,23/03/2018,15/10/2018,121,119,Kuruman 35,1,NA,1,206,-0.009708738
KR13F042,Female,22/09/2015,13/04/2016,67,83,Kuruman 13,22,KR13F013,24,204,0.078431373
KR13F043,Female,22/09/2015,12/04/2016,59,79,Kuruman 13,22,KR13F013,24,203,0.098522167
KR13F050,Female,14/04/2016,24/01/2017,19,100,Kuruman 13,24,KR13F013,13,285,0.284210526
KR13F050,Female,30/04/2018,16/09/2018,129,125,Kuruman 40,1,NA,1,139,-0.028776978
KR13F050,Female,16/09/2018,12/04/2019,125,137,Kuruman 40,1,NA,1,208,0.057692308
KR13F053,Female,30/04/2018,15/09/2018,129,132,Kuruman 29,1,NA,1,138,0.02173913
KR13F053,Female,14/10/2019,06/04/2020,135,132,Kuruman 29,1,NA,1,175,-0.017142857
KR13F055,Female,24/01/2017,16/08/2017,74,103,Kuruman 13,13,NA,2,204,0.142156863
KR13F058,Female,06/04/2018,27/11/2018,83,93,Kuruman 39,3,KR13F019,5,235,0.042553191
KR13F058,Female,27/11/2018,20/03/2019,93,104,Kuruman 39,5,KR13F019,5,113,0.097345133
KR19F001,Female,14/02/2017,03/08/2017,64,83,Kuruman 19,8,KR13F017,7,170,0.111764706
KR19F003,Female,14/02/2017,03/08/2017,22,55,Kuruman 19,8,KR13F017,7,170,0.194117647
KR19F003,Female,03/08/2017,24/05/2018,55,77,Kuruman 19,7,KR13F017,8,294,0.074829932
KR19F003,Female,24/05/2018,28/03/2019,77,93,Kuruman 19,8,KR13F017,9,308,0.051948052
KR19F007,Female,23/05/2018,18/11/2018,69,82,Kuruman 19,8,KR13F017,6,179,0.072625698
KR19F007,Female,18/11/2018,25/03/2019,82,88,Kuruman 19,6,KR13F017,9,127,0.047244094
KR19F007,Female,25/03/2019,15/11/2019,88,89,Kuruman 19,9,KR13F017,12,235,0.004255319
KR19F007,Female,15/11/2019,28/04/2020,89,86,Kuruman 19,12,KR13F017,10,165,-0.018181818
KR19F009,Female,24/05/2018,14/11/2018,91,103,Kuruman 19,8,KR13F017,6,174,0.068965517
KR19F009,Female,14/11/2018,27/03/2019,103,110,Kuruman 19,6,KR13F017,9,133,0.052631579
KR19F009,Female,27/03/2019,18/11/2019,110,113,Kuruman 19,9,KR13F017,12,236,0.012711864
KR19F009,Female,18/11/2019,28/04/2020,113,104,Kuruman 19,12,KR13F017,10,162,-0.055555556
KR19F012,Female,28/03/2019,18/11/2019,85,94,Kuruman 19,9,KR13F017,12,235,0.038297872
KR19F015,Female,17/11/2019,28/04/2020,75,72,Kuruman 19,12,KR13F017,10,163,-0.018404908
KR1F003,Female,18/11/2013,28/07/2014,62,88,Kuruman 1,18,KR1F007,10,252,0.103174603
KR1F003,Female,28/07/2014,16/02/2015,88,107,Kuruman 1,10,KR1F007,10,203,0.093596059
KR1F003,Female,16/02/2015,15/10/2015,107,146,Kuruman 1,10,KR1F007,7,241,0.161825726
KR1F003,Female,15/10/2015,26/04/2016,146,144,Kuruman 1,7,KR1F007,9,194,-0.010309278
KR1F006,Female,18/11/2013,27/07/2014,92,112,Kuruman 1,18,KR1F007,10,251,0.079681275
KR1F006,Female,27/07/2014,16/02/2015,112,127,Kuruman 1,10,KR1F007,10,204,0.073529412
KR1F006,Female,16/02/2015,16/10/2015,127,156,Kuruman 1,10,KR1F007,7,242,0.119834711
KR1F006,Female,16/10/2015,27/04/2016,156,162,Kuruman 1,7,KR1F007,9,194,0.030927835
KR1F006,Female,03/05/2017,09/10/2017,169,165,Kuruman 1,4,KR1F007,4,159,-0.025157233
KR1F006,Female,09/10/2017,23/03/2018,165,168,Kuruman 1,4,KR1F007,4,165,0.018181818
KR1F012,Female,20/11/2013,27/07/2014,81,94,Kuruman 1,18,KR1F007,10,249,0.052208835
KR1F012,Female,27/07/2014,17/02/2015,94,115,Kuruman 1,10,KR1F007,10,205,0.102439024
KR1F014,Female,27/09/2015,17/03/2016,144,142,Kuruman 22,1,NA,1,172,-0.011627907
KR1F014,Female,17/03/2016,13/02/2017,142,154,Kuruman 22,1,NA,1,333,0.036036036
KR1F018,Female,27/07/2014,16/02/2015,37,86,Kuruman 1,10,KR1F007,10,204,0.240196078
KR1F018,Female,16/02/2015,15/10/2015,86,144,Kuruman 1,10,KR1F007,7,241,0.2406639
KR1F018,Female,15/10/2015,27/04/2016,144,148,Kuruman 1,7,KR1F007,9,195,0.020512821
KR1F019,Female,28/07/2014,17/02/2015,37,87,Kuruman 1,10,KR1F007,10,204,0.245098039
KR1F019,Female,17/02/2015,15/10/2015,87,127,Kuruman 1,10,KR1F007,7,240,0.166666667
KR1F019,Female,15/10/2015,27/04/2016,127,119,Kuruman 1,7,KR1F007,9,195,-0.041025641
KR1F019,Female,27/04/2016,07/03/2017,119,169,Kuruman 1,9,KR1F007,2,314,0.159235669
KR1F022,Female,03/05/2017,09/10/2017,78,112,Kuruman 1,4,KR1F007,4,159,0.213836478
KR1F022,Female,09/10/2017,23/03/2018,112,134,Kuruman 1,4,KR1F007,4,165,0.133333333
KR20F007,Female,02/08/2017,11/05/2018,46,91,Kuruman 20,10,KR8F003,13,282,0.159574468
KR20F007,Female,11/05/2018,23/09/2018,91,104,Kuruman 20,13,KR8F003,14,135,0.096296296
KR20F009,Female,13/05/2018,22/09/2018,60,80,Kuruman 20,13,KR8F003,14,132,0.151515152
KR20F009,Female,22/09/2018,27/03/2019,80,87,Kuruman 20,14,KR8F003,17,186,0.037634409
KR20F009,Female,27/03/2019,24/03/2020,87,112,Kuruman 20,17,KR8F003,1,363,0.068870523
KR20F011,Female,12/05/2018,22/09/2018,80,99,Kuruman 20,13,KR8F003,14,133,0.142857143
KR20F011,Female,22/09/2018,26/03/2019,99,115,Kuruman 20,14,KR8F003,17,185,0.086486486
KR20F012,Female,12/05/2018,23/09/2018,58,84,Kuruman 20,13,KR8F003,14,134,0.194029851
KR20F012,Female,23/09/2018,25/03/2019,84,93,Kuruman 20,14,KR8F003,17,183,0.049180328
KR20F013,Female,09/05/2018,21/09/2018,71,78,Kuruman 20,13,KR8F003,14,135,0.051851852
KR20F013,Female,21/09/2018,26/03/2019,78,100,Kuruman 20,14,KR8F003,17,186,0.11827957
KR21F001,Female,27/02/2015,11/10/2015,104,109,Kuruman 21,1,NA,1,226,0.022123894
KR21F001,Female,11/10/2015,17/04/2016,109,108,Kuruman 21,1,NA,1,189,-0.005291005
KR21F001,Female,17/04/2016,16/01/2017,108,115,Kuruman 21,1,NA,1,274,0.025547445
KR21F001,Female,16/01/2017,31/07/2017,115,113,Kuruman 21,1,NA,1,196,-0.010204082
KR21F001,Female,31/07/2017,25/04/2018,113,113,Kuruman 21,1,NA,1,268,0
KR21F001,Female,25/04/2018,01/10/2018,113,106,Kuruman 21,1,NA,1,159,-0.044025157
KR21F001,Female,01/10/2018,21/03/2019,106,102,Kuruman 21,1,NA,1,171,-0.023391813
KR21F001,Female,21/03/2019,06/03/2020,102,108,Kuruman 21,1,NA,1,351,0.017094017
KR24F002,Female,23/09/2019,30/03/2020,105,123,Kuruman 24,3,KR1F015,3,189,0.095238095
KR26F002,Female,30/01/2017,08/08/2017,52,80,Kuruman 26,5,KR13F025,9,190,0.147368421
KR26F002,Female,08/08/2017,29/03/2018,80,98,Kuruman 26,9,KR13F025,15,233,0.077253219
KR26F004,Female,07/08/2017,30/03/2018,66,103,Kuruman 26,9,KR13F025,15,235,0.157446809
KR26F005,Female,07/08/2017,29/03/2018,58,111,Kuruman 26,9,KR13F025,15,234,0.226495726
KR26F007,Female,09/08/2017,30/03/2018,59,96,Kuruman 26,9,KR13F025,15,233,0.158798283
KR26F011,Female,30/03/2018,07/11/2018,48,85,Kuruman 26,15,KR13F025,9,222,0.166666667
KR26F011,Female,07/11/2018,17/10/2019,85,108,Kuruman 26,9,KR13F025,13,344,0.066860465
KR26F011,Female,17/10/2019,04/05/2020,108,116,Kuruman 26,13,KR13F025,11,200,0.04
KR26F012,Female,31/03/2018,07/11/2018,69,88,Kuruman 26,15,KR13F025,9,221,0.085972851
KR26F013,Female,31/03/2018,06/11/2018,49,87,Kuruman 26,15,KR13F025,9,220,0.172727273
KR26F013,Female,06/11/2018,17/10/2019,87,118,Kuruman 26,9,KR13F025,13,345,0.089855072
KR26F013,Female,17/10/2019,04/05/2020,118,135,Kuruman 26,13,KR13F025,11,200,0.085
KR26F021,Female,19/10/2019,04/05/2020,36,67,Kuruman 26,13,KR13F025,11,198,0.156565657
KR26F022,Female,20/10/2019,04/05/2020,79,91,Kuruman 26,13,KR13F025,11,197,0.060913706
KR26F023,Female,20/10/2019,04/05/2020,36,71,Kuruman 26,13,KR13F025,11,197,0.177664975
KR26F024,Female,20/10/2019,04/05/2020,81,83,Kuruman 26,13,KR13F025,11,197,0.010152284
KR27F002,Female,05/02/2017,08/08/2017,64,107,Kuruman 27,11,KR13F006,12,184,0.233695652
KR27F003,Female,06/02/2017,10/08/2017,54,97,Kuruman 27,11,KR13F006,12,185,0.232432432
KR27F008,Female,06/02/2017,08/08/2017,63,92,Kuruman 27,11,KR13F006,12,183,0.158469945
KR27F010,Female,11/08/2017,11/04/2018,53,92,Kuruman 27,12,KR13F006,16,243,0.160493827
KR27F012,Female,07/04/2018,29/11/2018,27,90,Kuruman 27,16,KR13F006,8,236,0.266949153
KR27F012,Female,29/11/2018,16/09/2019,90,111,Kuruman 27,8,KR13F006,6,291,0.072164948
KR27F013,Female,06/04/2018,27/11/2018,34,97,Kuruman 27,16,KR13F006,8,235,0.268085106
KR27F013,Female,27/11/2018,17/09/2019,97,107,Kuruman 27,8,KR13F006,6,294,0.034013605
KR27F013,Female,17/09/2019,06/05/2020,107,92,Kuruman 27,6,KR13F006,8,232,-0.064655172
KR28F003,Female,21/10/2017,22/04/2018,57,99,Kuruman 28,6,KR28F001,8,183,0.229508197
KR28F003,Female,22/04/2018,18/09/2018,99,111,Kuruman 28,8,KR28F001,9,149,0.080536913
KR28F003,Female,18/09/2018,20/03/2019,111,119,Kuruman 28,9,KR28F001,11,183,0.043715847
KR28F006,Female,22/04/2018,16/09/2018,33,74,Kuruman 28,8,KR28F001,9,147,0.278911565
KR28F006,Female,16/09/2018,19/03/2019,74,97,Kuruman 28,9,KR28F001,11,184,0.125
KR28F006,Female,19/03/2019,16/09/2019,97,112,Kuruman 28,11,KR28F001,8,181,0.082872928
KR28F006,Female,16/09/2019,17/03/2020,112,128,Kuruman 28,8,KR28F001,13,183,0.087431694
KR28F009,Female,16/09/2018,20/03/2019,54,98,Kuruman 28,9,KR28F001,11,185,0.237837838
KR28F009,Female,20/03/2019,16/09/2019,98,122,Kuruman 28,11,KR28F001,8,180,0.133333333
KR28F009,Female,16/09/2019,17/03/2020,122,134,Kuruman 28,8,KR28F001,13,183,0.06557377
KR28F013,Female,19/09/2019,19/03/2020,22,58,Kuruman 28,8,KR28F001,13,182,0.197802198
KR28F014,Female,19/09/2019,17/03/2020,26,74,Kuruman 28,8,KR28F001,13,180,0.266666667
KR2F001,Female,31/01/2014,27/07/2014,169,151,Kuruman 2,1,NA,1,177,-0.101694915
KR2F001,Female,27/07/2014,17/02/2015,151,158,Kuruman 2,1,NA,1,205,0.034146341
KR2F001,Female,17/02/2015,15/10/2015,158,169,Kuruman 2,1,NA,1,240,0.045833333
KR31F004,Female,19/10/2017,30/03/2018,63,91,Kuruman 31,6,KR31F001,7,162,0.172839506
KR31F004,Female,23/10/2019,27/03/2020,144,146,Kuruman 48,1,NA,1,156,0.012820513
KR31F005,Female,20/10/2017,31/03/2018,66,96,Kuruman 31,6,KR31F001,7,162,0.185185185
KR31F008,Female,24/11/2019,20/04/2020,55,88,Kuruman 31,13,KR31F005,17,148,0.222972973
KR31F009,Female,24/11/2019,21/04/2020,102,120,Kuruman 31,13,KR31F005,17,149,0.120805369
KR31F011,Female,24/11/2019,21/04/2020,105,119,Kuruman 31,13,KR31F005,17,149,0.093959732
KR31F012,Female,25/11/2019,20/04/2020,124,117,Kuruman 31,13,KR31F005,17,147,-0.047619048
KR31F016,Female,25/11/2019,20/04/2020,139,133,Kuruman 31,13,KR31F005,17,147,-0.040816327
KR31F017,Female,26/11/2019,20/04/2020,53,89,Kuruman 31,13,KR31F005,17,146,0.246575342
KR33F001,Female,18/04/2019,08/10/2019,95,93,Kuruman 33,7,KR1F019,7,173,-0.011560694
KR33F001,Female,08/10/2019,16/04/2020,93,91,Kuruman 33,7,KR1F019,6,191,-0.010471204
KR33F003,Female,16/10/2018,16/04/2019,85,91,Kuruman 33,5,KR1F019,7,182,0.032967033
KR33F003,Female,16/04/2019,08/10/2019,91,95,Kuruman 33,7,KR1F019,7,175,0.022857143
KR33F003,Female,08/10/2019,15/04/2020,95,94,Kuruman 33,7,KR1F019,6,190,-0.005263158
KR33F004,Female,16/10/2018,16/04/2019,78,93,Kuruman 33,5,KR1F019,7,182,0.082417582
KR33F004,Female,16/04/2019,08/10/2019,93,90,Kuruman 33,7,KR1F019,7,175,-0.017142857
KR33F005,Female,15/04/2019,08/10/2019,49,66,Kuruman 33,7,KR1F019,7,176,0.096590909
KR33F005,Female,08/10/2019,15/04/2020,66,71,Kuruman 33,7,KR1F019,6,190,0.026315789
KR34F005,Female,08/04/2019,09/09/2019,64,68,Kuruman 34,7,KR13F043,8,154,0.025974026
KR34F005,Female,09/09/2019,01/04/2020,68,79,Kuruman 34,8,KR13F043,8,205,0.053658537
KR34F006,Female,11/09/2019,02/04/2020,70,78,Kuruman 34,8,KR13F043,8,204,0.039215686
KR34F007,Female,12/09/2019,01/04/2020,63,77,Kuruman 34,8,KR13F043,8,202,0.069306931
KR35F001,Female,04/04/2019,06/10/2019,55,79,Kuruman 35,5,KR13F040,7,185,0.12972973
KR35F003,Female,05/04/2019,06/10/2019,42,71,Kuruman 35,5,KR13F040,7,184,0.157608696
KR35F003,Female,06/10/2019,13/04/2020,71,80,Kuruman 35,7,KR13F040,9,190,0.047368421
KR35F004,Female,06/10/2019,13/04/2020,24,72,Kuruman 35,7,KR13F040,9,190,0.252631579
KR36F003,Female,08/05/2017,10/10/2017,77,93,Kuruman 36,14,KR1F004,14,155,0.103225806
KR36F003,Female,10/10/2017,18/04/2018,93,130,Kuruman 36,14,KR1F004,9,190,0.194736842
KR36F003,Female,18/04/2018,14/10/2018,130,122,Kuruman 36,9,KR1F004,12,179,-0.044692737
KR36F003,Female,14/10/2018,16/04/2019,122,139,Kuruman 36,12,KR1F004,15,184,0.092391304
KR36F004,Female,08/05/2017,09/10/2017,77,97,Kuruman 36,14,KR1F004,14,154,0.12987013
KR36F004,Female,09/10/2017,19/04/2018,97,116,Kuruman 36,14,KR1F004,9,192,0.098958333
KR36F006,Female,09/05/2017,09/10/2017,89,102,Kuruman 36,14,KR1F004,14,153,0.08496732
KR36F006,Female,09/10/2017,20/04/2018,102,121,Kuruman 36,14,KR1F004,9,193,0.098445596
KR36F008,Female,09/05/2017,10/10/2017,97,114,Kuruman 36,14,KR1F004,14,154,0.11038961
KR36F009,Female,09/05/2017,09/10/2017,101,121,Kuruman 36,14,KR1F004,14,153,0.130718954
KR36F010,Female,09/05/2017,09/10/2017,36,78,Kuruman 36,14,KR1F004,14,153,0.274509804
KR36F010,Female,09/10/2017,20/04/2018,78,90,Kuruman 36,14,KR1F004,9,193,0.062176166
KR36F010,Female,20/04/2018,14/10/2018,90,109,Kuruman 36,9,KR1F004,12,177,0.107344633
KR36F010,Female,31/10/2019,11/05/2020,113,115,Kuruman 36,4,NA,8,193,0.010362694
KR36F012,Female,10/05/2017,10/10/2017,149,154,Kuruman 36,14,KR1F004,14,153,0.032679739
KR36F012,Female,14/10/2018,16/04/2019,153,184,Kuruman 36,12,KR1F004,15,184,0.168478261
KR36F018,Female,13/10/2018,15/04/2019,73,110,Kuruman 36,12,KR1F004,15,184,0.201086957
KR36F018,Female,15/04/2019,31/10/2019,110,114,Kuruman 36,15,KR1F004,4,199,0.020100503
KR36F018,Female,31/10/2019,11/05/2020,114,125,Kuruman 36,4,NA,8,193,0.056994819
KR36F019,Female,14/10/2018,15/04/2019,68,98,Kuruman 36,12,KR1F004,15,183,0.163934426
KR36F019,Female,15/04/2019,31/10/2019,98,98,Kuruman 36,15,KR1F004,4,199,0
KR36F019,Female,31/10/2019,12/05/2020,98,110,Kuruman 36,4,NA,8,194,0.06185567
KR36F020,Female,14/10/2018,15/04/2019,113,143,Kuruman 36,12,KR1F004,15,183,0.163934426
KR42F001,Female,17/10/2018,13/03/2019,46,70,Kuruman 42,3,KR1F022,6,147,0.163265306
KR42F001,Female,13/03/2019,06/10/2019,70,91,Kuruman 42,6,KR1F022,7,207,0.101449275
KR42F001,Female,06/10/2019,14/03/2020,91,103,Kuruman 42,7,KR1F022,7,160,0.075
KR42F002,Female,12/03/2019,06/10/2019,53,88,Kuruman 42,6,KR1F022,7,208,0.168269231
KR42F002,Female,06/10/2019,09/03/2020,88,92,Kuruman 42,7,KR1F022,7,155,0.025806452
KR42F005,Female,09/10/2019,10/03/2020,77,88,Kuruman 42,7,KR1F022,7,153,0.071895425
KR43F002,Female,20/03/2019,16/09/2019,66,96,Kuruman 43,5,KR13F038,7,180,0.166666667
KR43F002,Female,16/09/2019,16/03/2020,96,110,Kuruman 43,7,KR13F038,10,182,0.076923077
KR43F003,Female,26/11/2018,19/03/2019,43,54,Kuruman 43,5,KR13F038,5,113,0.097345133
KR43F003,Female,19/03/2019,16/09/2019,54,77,Kuruman 43,5,KR13F038,7,181,0.127071823
KR43F003,Female,16/09/2019,16/03/2020,77,92,Kuruman 43,7,KR13F038,10,182,0.082417582
KR43F004,Female,16/09/2019,16/03/2020,28,67,Kuruman 43,7,KR13F038,10,182,0.214285714
KR43F006,Female,18/09/2019,17/03/2020,27,69,Kuruman 43,7,KR13F038,10,181,0.232044199
KR46F001,Female,03/04/2019,02/10/2019,119,123,Kuruman 46,1,NA,1,182,0.021978022
KR46F001,Female,02/10/2019,20/05/2020,123,128,Kuruman 46,1,NA,1,231,0.021645022
KR47F001,Female,21/10/2019,26/03/2020,116,127,Kuruman 47,1,NA,1,157,0.070063694
KR49F009,Female,28/10/2019,19/05/2020,57,80,Kuruman 49,17,KR49F016,13,204,0.112745098
KR49M014,Female,29/10/2019,20/05/2020,72,99,Kuruman 49,17,KR49F016,13,204,0.132352941
KR7F006,Female,05/12/2013,08/08/2014,52,82,Kuruman 7,17,KR7F010,6,246,0.12195122
KR7F006,Female,08/08/2014,04/03/2015,82,94,Kuruman 7,6,NA,5,208,0.057692308
KR7F007,Female,05/12/2013,06/08/2014,137,124,Kuruman 7,17,KR7F010,6,244,-0.053278689
KR7F007,Female,06/08/2014,04/03/2015,124,125,Kuruman 7,6,NA,5,210,0.004761905
KR7F007,Female,04/03/2015,16/02/2016,125,138,Kuruman 7,5,NA,2,349,0.037249284
KR7F007,Female,16/02/2016,05/09/2016,138,135,Kuruman 7,2,NA,1,202,-0.014851485
KR7F007,Female,05/09/2016,07/02/2017,135,131,Kuruman 7,1,NA,1,155,-0.025806452
KR7F007,Female,07/02/2017,14/08/2017,131,132,Kuruman 7,1,NA,1,188,0.005319149
KR7F012,Female,06/12/2013,06/08/2014,49,76,Kuruman 7,17,KR7F010,6,243,0.111111111
KR7F012,Female,06/08/2014,04/03/2015,76,91,Kuruman 7,6,NA,5,210,0.071428571
KR7F012,Female,04/03/2015,17/02/2016,91,122,Kuruman 7,5,NA,2,350,0.088571429
KR7F015,Female,06/12/2013,08/08/2014,93,100,Kuruman 7,17,KR7F010,6,245,0.028571429
KR7F019,Female,14/11/2018,10/03/2019,31,54,Kuruman 7,4,KR7F007,6,116,0.198275862
KR7F019,Female,10/03/2019,01/10/2019,54,88,Kuruman 7,6,KR7F007,11,205,0.165853659
KR7F020,Female,10/03/2019,30/09/2019,59,95,Kuruman 7,6,KR7F007,11,204,0.176470588
KR7F020,Female,30/09/2019,20/05/2020,95,106,Kuruman 7,11,KR7F007,6,233,0.0472103
KR7F023,Female,01/10/2019,20/05/2020,38,75,Kuruman 7,11,KR7F007,6,232,0.159482759
KR8F002,Female,03/12/2013,05/08/2014,99,97,Kuruman 8,6,NA,2,245,-0.008163265
KR8F002,Female,05/08/2014,02/03/2015,97,112,Kuruman 8,2,NA,2,209,0.071770335
KR8F005,Female,05/12/2013,06/08/2014,123,123,Kuruman 8,6,NA,2,244,0
KR8F005,Female,06/08/2014,02/03/2015,123,141,Kuruman 8,2,NA,2,208,0.086538462
KR8F009,Female,06/02/2017,16/08/2017,57,105,Kuruman 8,12,KR8F002,11,191,0.251308901
KR8F012,Female,08/02/2017,14/08/2017,57,94,Kuruman 8,12,KR8F002,11,187,0.197860963
KR8F012,Female,14/08/2017,30/04/2018,94,130,Kuruman 8,11,KR8F002,16,259,0.138996139
KR8F012,Female,30/04/2018,08/11/2018,130,161,Kuruman 8,16,KR8F002,16,192,0.161458333
KR8F016,Female,14/08/2017,02/05/2018,69,93,Kuruman 8,11,KR8F002,16,261,0.091954023
KR8F021,Female,01/05/2018,06/11/2018,47,102,Kuruman 8,16,KR8F002,16,189,0.291005291
KR8F027,Female,06/11/2018,10/03/2019,62,87,Kuruman 8,16,NA,15,124,0.201612903
KR8F027,Female,10/03/2019,16/10/2019,87,115,Kuruman 8,15,KR8F012,15,220,0.127272727
KR8F027,Female,16/10/2019,20/04/2020,115,118,Kuruman 8,15,KR8F012,22,187,0.016042781
KR8F029,Female,09/11/2018,10/03/2019,69,95,Kuruman 8,16,NA,15,121,0.214876033
KR8F030,Female,10/03/2019,15/10/2019,41,117,Kuruman 8,15,KR8F012,15,219,0.347031963
KR8F030,Female,15/10/2019,20/04/2020,117,128,Kuruman 8,15,KR8F012,22,188,0.058510638
KR8F031,Female,10/03/2019,15/10/2019,46,106,Kuruman 8,15,KR8F012,15,219,0.273972603
KR8F031,Female,15/10/2019,21/04/2020,106,110,Kuruman 8,15,KR8F012,22,189,0.021164021
KR8F033,Female,16/10/2019,21/04/2020,77,104,Kuruman 8,15,KR8F012,22,188,0.143617021
KR8F036,Female,16/10/2019,20/04/2020,48,84,Kuruman 8,15,KR8F012,22,187,0.192513369
KR8F038,Female,17/10/2019,20/04/2020,48,83,Kuruman 8,15,KR8F012,22,186,0.188172043
L10F002,Female,22/09/2016,21/06/2017,26,71,Lonely 10,3,L10F003,8,272,0.165441176
L11F003,Female,23/09/2013,04/03/2014,111,121,Lonely 11,25,L11F025,16,162,0.061728395
L11F003,Female,04/03/2014,21/09/2014,121,156,Lonely 11,16,NA,9,201,0.174129353
L11F004,Female,23/09/2013,02/03/2014,89,107,Lonely 11,25,L11F025,16,160,0.1125
L11F004,Female,02/03/2014,17/09/2014,107,135,Lonely 11,16,NA,9,199,0.140703518
L11F004,Female,17/09/2014,23/03/2015,135,126,Lonely 11,9,NA,8,187,-0.048128342
L11F009,Female,23/09/2013,03/03/2014,82,96,Lonely 11,25,L11F025,16,161,0.086956522
L11F014,Female,24/09/2013,02/03/2014,120,140,Lonely 11,25,L11F025,16,159,0.125786164
L11F016,Female,24/09/2013,02/03/2014,91,95,Lonely 11,25,L11F025,16,159,0.025157233
L11F016,Female,02/03/2014,18/09/2014,95,123,Lonely 11,16,NA,9,200,0.14
L11F019,Female,24/09/2013,02/03/2014,85,101,Lonely 11,25,L11F025,16,159,0.100628931
L11F019,Female,02/03/2014,20/09/2014,101,128,Lonely 11,16,NA,9,202,0.133663366
L11F019,Female,20/09/2014,23/03/2015,128,132,Lonely 11,9,NA,8,184,0.02173913
L11F024,Female,25/09/2013,02/03/2014,90,101,Lonely 11,25,L11F025,16,158,0.069620253
L11F024,Female,02/03/2014,19/09/2014,101,128,Lonely 11,16,NA,9,201,0.134328358
L13F001,Female,29/09/2013,02/03/2014,123,142,Lonely 13,12,L13F009,10,154,0.123376623
L13F005,Female,04/02/2016,16/01/2017,129,127,Kuruman 25,1,NA,1,347,-0.005763689
L13F005,Female,16/01/2017,31/07/2017,127,119,Kuruman 25,1,NA,1,196,-0.040816327
L13F005,Female,31/07/2017,25/04/2018,119,119,Kuruman 25,1,NA,1,268,0
L13F005,Female,25/04/2018,23/03/2019,119,121,Kuruman 25,1,NA,1,332,0.006024096
L13F005,Female,23/03/2019,05/03/2020,121,114,Kuruman 25,1,NA,1,348,-0.020114943
L13F006,Female,30/09/2013,01/03/2014,115,123,Lonely 13,12,L13F009,10,152,0.052631579
L13F008,Female,01/10/2013,03/03/2014,107,115,Lonely 13,12,L13F009,10,153,0.052287582
L13F014,Female,02/03/2014,16/09/2014,37,124,Lonely 13,10,L13F009,8,198,0.439393939
L13F014,Female,16/09/2014,26/03/2015,124,104,Lonely 13,8,L13F008,8,191,-0.104712042
L13F015,Female,17/09/2014,29/01/2015,93,98,Lonely 13,8,L13F008,1,134,0.037313433
L13F020,Female,27/03/2015,23/02/2016,28,87,Lonely 13,8,L13F008,12,333,0.177177177
L13F020,Female,23/02/2016,06/10/2016,87,102,Lonely 13,12,L13F008,1,226,0.066371681
L13F021,Female,27/03/2015,23/02/2016,33,100,Lonely 13,8,L13F008,12,333,0.201201201
L13F029,Female,24/02/2016,10/09/2016,38,114,Lonely 13,12,L13F008,8,199,0.381909548
L13F029,Female,10/09/2016,05/06/2017,114,124,Lonely 13,8,L13F008,10,268,0.037313433
L13F030,Female,10/09/2016,06/06/2017,55,89,Lonely 13,8,L13F008,10,269,0.126394052
L13F032,Female,10/09/2016,06/06/2017,59,109,Lonely 13,8,L13F008,10,269,0.185873606
L13F033,Female,10/09/2016,05/06/2017,65,88,Lonely 13,8,L13F008,10,268,0.085820896
L14F004,Female,03/03/2014,17/09/2014,111,124,Lonely 14,13,L14F011,8,198,0.065656566
L14F004,Female,17/09/2014,29/01/2015,124,137,Lonely 14,8,L14F013,2,134,0.097014925
L14F006,Female,03/03/2014,16/09/2014,103,124,Lonely 14,13,L14F011,8,197,0.106598985
L14F006,Female,16/09/2014,23/03/2015,124,130,Lonely 14,8,L14F013,1,188,0.031914894
L14F009,Female,03/03/2014,16/09/2014,46,94,Lonely 14,13,L14F011,8,197,0.243654822
L14F009,Female,16/09/2014,29/01/2015,94,105,Lonely 14,8,L14F013,8,135,0.081481481
L14F023,Female,09/02/2016,09/09/2016,60,92,Lonely 14,12,L14F013,9,213,0.150234742
L14F023,Female,09/09/2016,30/05/2017,92,90,Lonely 14,9,L14F013,13,263,-0.007604563
L14F025,Female,11/02/2016,09/09/2016,68,101,Lonely 14,12,L14F013,9,211,0.156398104
L14F025,Female,09/09/2016,30/05/2017,101,105,Lonely 14,9,L14F013,13,263,0.015209125
L15F003,Female,10/10/2014,23/03/2015,18,58,Lonely 15,3,L15F002,3,164,0.243902439
L15F003,Female,23/03/2015,26/02/2016,58,102,Lonely 15,3,L15F002,7,340,0.129411765
L15F005,Female,25/02/2016,09/09/2016,39,88,Lonely 15,7,L15F002,8,197,0.248730964
L15F005,Female,09/09/2016,05/06/2017,88,101,Lonely 15,8,L15F002,10,269,0.048327138
L15F006,Female,27/02/2016,09/09/2016,41,87,Lonely 15,7,L15F002,8,195,0.235897436
L15F006,Female,09/09/2016,05/06/2017,87,89,Lonely 15,8,L15F002,10,269,0.007434944
L15F008,Female,09/09/2016,05/06/2017,50,82,Lonely 15,8,L15F002,10,269,0.118959108
L15F009,Female,09/09/2016,05/06/2017,53,82,Lonely 15,8,L15F002,10,269,0.107806691
L16F008,Female,16/09/2016,27/06/2017,72,97,Lonely 16,9,L16F001,12,284,0.088028169
L16F009,Female,16/09/2016,28/06/2017,66,87,Lonely 16,9,L16F001,12,285,0.073684211
L16F013,Female,17/09/2016,28/06/2017,36,82,Lonely 16,9,L16F001,12,284,0.161971831
L18F004,Female,14/03/2014,30/09/2014,80,87,Lonely 18,14,L18F002,9,200,0.035
L18F007,Female,14/03/2014,30/09/2014,73,83,Lonely 18,14,L18F002,9,200,0.05
L18F008,Female,14/03/2014,01/10/2014,65,83,Lonely 18,14,L18F002,9,201,0.089552239
L18F008,Female,04/03/2016,16/09/2016,97,103,Lonely 18,5,L18F002,3,196,0.030612245
L18F008,Female,16/09/2016,27/06/2017,103,101,Lonely 18,3,L18F002,7,284,-0.007042254
L18F009,Female,15/03/2014,01/10/2014,78,85,Lonely 18,14,L18F002,9,200,0.035
L18F010,Female,15/03/2014,30/09/2014,92,97,Lonely 18,14,L18F002,9,199,0.025125628
L18F014,Female,01/03/2016,30/05/2016,100,105,Lonely 18,5,L18F002,1,90,0.055555556
L18F014,Female,30/05/2016,31/01/2017,105,119,Kuruman 14,1,NA,1,246,0.056910569
L18F014,Female,31/01/2017,09/08/2017,119,107,Kuruman 14,1,NA,1,190,-0.063157895
L18F014,Female,09/08/2017,13/04/2018,107,119,Kuruman 14,1,NA,1,247,0.048582996
L20F001,Female,06/10/2016,21/07/2017,87,101,Lonely 20,11,L20F010,10,288,0.048611111
L20F005,Female,07/10/2016,20/07/2017,91,114,Lonely 20,11,L20F010,10,286,0.08041958
L26F002,Female,06/10/2016,15/07/2017,86,102,Lonely 26,10,L26F007,10,282,0.056737589
L26F004,Female,06/10/2016,13/07/2017,96,104,Lonely 26,10,L26F007,1,280,0.028571429
L26F010,Female,08/10/2016,16/07/2017,23,89,Lonely 26,10,L26F007,10,281,0.234875445
L40F013,Female,23/09/2016,21/06/2017,107,119,Lonely 40,10,L40F006,12,271,0.044280443
L40F014,Female,23/09/2016,21/06/2017,67,87,Lonely 40,10,L40F006,12,271,0.073800738
L45F001,Female,01/04/2014,30/09/2014,130,148,Lonely 45,1,NA,1,182,0.098901099
L46F010,Female,29/02/2016,17/09/2016,51,93,Lonely 46,10,L46F002,10,201,0.208955224
L46F010,Female,17/09/2016,21/07/2017,93,104,Lonely 46,10,L46F002,1,307,0.035830619
L46F011,Female,01/03/2016,16/09/2016,53,92,Lonely 46,10,L46F002,10,199,0.195979899
L46F011,Female,16/09/2016,27/06/2017,92,103,Lonely 46,10,L46F002,12,284,0.038732394
L46F012,Female,01/03/2016,16/09/2016,54,99,Lonely 46,10,L46F002,10,199,0.226130653
L46F014,Female,02/03/2016,16/09/2016,81,111,Lonely 46,10,L46F002,10,198,0.151515152
L46F017,Female,16/09/2016,27/06/2017,68,85,Lonely 46,10,L46F002,12,284,0.059859155
L47F001,Female,26/06/2014,13/03/2015,151,173,Lonely 47,1,NA,1,260,0.084615385
L54F001,Female,30/09/2014,27/03/2015,136,142,Lonely 54,1,NA,1,178,0.033707865
L54F001,Female,27/03/2015,02/03/2016,142,147,Lonely 54,1,NA,1,341,0.014662757
L62F001,Female,09/02/2016,09/09/2016,58,102,Lonely 62,6,L14F004,6,213,0.20657277
L62F002,Female,09/02/2016,09/09/2016,33,95,Lonely 62,6,L14F004,6,213,0.291079812
L62F002,Female,09/09/2016,05/06/2017,95,111,Lonely 62,6,L14F004,6,269,0.059479554
L62M004,Female,10/02/2016,10/09/2016,31,69,Lonely 62,6,L14F004,6,213,0.178403756
