"AnimalID","Sex","DateofCapture","DateofRecapture","TeethWidth","TeethWidth2","GroupID","GroupSize","QueenID","GroupSizeRecapture","timediff","rateofincisorgrowth","CompleteCapture","CompleteRecapture"
"KR1M017","Male",2013-11-22,2014-07-27,3.62,5.075,"Kuruman 1",18,"KR1F007",10,247,0.005890688,1,1
"KR1F006","Female",2013-11-18,2014-07-27,5.36,5.92,"Kuruman 1",18,"KR1F007",10,251,0.002231076,1,1
"KR1F012","Female",2013-11-20,2014-07-27,4.915,5.165,"Kuruman 1",18,"KR1F007",10,249,0.001004016,1,1
"KR1F003","Female",2013-11-18,2014-07-28,4.675,5.545,"Kuruman 1",18,"KR1F007",10,252,0.003452381,1,1
"KR1M008","Male",2013-11-18,2014-07-29,3.6,5.495,"Kuruman 1",18,"KR1F007",10,253,0.007490119,1,1
"KR1M009","Male",2013-11-18,2014-07-30,6.8,6.825,"Kuruman 1",18,"KR1F007",10,254,9.84e-05,1,1
"KR1F003","Female",2014-07-28,2015-02-16,5.545,5.74,"Kuruman 1",10,"KR1F007",10,203,0.000960591,1,1
"KR1F006","Female",2014-07-27,2015-02-16,5.92,5.9,"Kuruman 1",10,"KR1F007",10,204,-9.8e-05,1,1
"KR1F018","Female",2014-07-27,2015-02-16,2.985,4.92,"Kuruman 1",10,"KR1F007",10,204,0.009485294,1,1
"KR1M017","Male",2014-07-27,2015-02-16,5.075,5.535,"Kuruman 1",10,"KR1F007",10,204,0.002254902,1,1
"KR1F012","Female",2014-07-27,2015-02-17,5.165,5.255,"Kuruman 1",10,"KR1F007",10,205,0.000439024,1,1
"KR1F019","Female",2014-07-28,2015-02-17,2.765,4.915,"Kuruman 1",10,"KR1F007",10,204,0.010539216,1,1
"KR1M009","Male",2014-07-30,2015-02-17,6.825,6.845,"Kuruman 1",10,"KR1F007",10,202,9.9e-05,1,1
"KR1M008","Male",2014-07-29,2015-02-18,5.495,6.33,"Kuruman 1",10,"KR1F007",10,204,0.004093137,1,1
"KR1F003","Female",2015-02-16,2015-10-15,5.74,6.295,"Kuruman 1",10,"KR1F007",7,241,0.002302905,1,1
"KR1F019","Female",2015-02-17,2015-10-15,4.915,5.755,"Kuruman 1",10,"KR1F007",7,240,0.0035,1,1
"KR1M008","Male",2015-02-18,2015-10-15,6.33,6.74,"Kuruman 1",10,"KR1F007",7,239,0.001715481,1,1
"KR1F018","Female",2015-02-16,2015-10-15,4.92,6.005,"Kuruman 1",10,"KR1F007",7,241,0.004502075,1,1
"KR1M009","Male",2015-02-17,2015-10-16,6.845,6.855,"Kuruman 1",10,"KR1F007",7,241,4.15e-05,1,1
"KR1F006","Female",2015-02-16,2015-10-16,5.9,6.45,"Kuruman 1",10,"KR1F007",7,242,0.002272727,1,1
"KR1F003","Female",2015-10-15,2016-04-26,6.295,6.605,"Kuruman 1",7,"KR1F007",9,194,0.001597938,1,1
"KR1M008","Male",2015-10-15,2016-04-27,6.74,7.06,"Kuruman 1",7,"KR1F007",9,195,0.001641026,1,1
"KR1M009","Male",2015-10-16,2016-04-27,6.855,6.89,"Kuruman 1",7,"KR1F007",9,194,0.000180412,1,1
"KR1F019","Female",2015-10-15,2016-04-27,5.755,6.12,"Kuruman 1",7,"KR1F007",9,195,0.001871795,1,1
"KR1F006","Female",2015-10-16,2016-04-27,6.45,6.615,"Kuruman 1",7,"KR1F007",9,194,0.000850515,1,1
"KR1F018","Female",2015-10-15,2016-04-27,6.005,6.19,"Kuruman 1",7,"KR1F007",9,195,0.000948718,1,1
"KR1M009","Male",2017-05-03,2017-10-09,7.3,7.005,"Kuruman 1",4,"KR1F007",4,159,-0.001855346,1,1
"KR1F006","Female",2017-05-03,2017-10-09,6.84,6.77,"Kuruman 1",4,"KR1F007",4,159,-0.000440252,1,1
"KR1F022","Female",2017-05-03,2017-10-09,4.5,5.475,"Kuruman 1",4,"KR1F007",4,159,0.006132075,1,1
"KR1F022","Female",2017-10-09,2018-03-23,5.475,5.96,"Kuruman 1",4,"KR1F007",4,165,0.002939394,1,1
"KR1F006","Female",2017-10-09,2018-03-23,6.77,6.99,"Kuruman 1",4,"KR1F007",4,165,0.001333333,1,1
"KR10M002","Male",2013-12-01,2014-07-27,4.08,5.295,"Kuruman 10",4,"KR10F004",5,238,0.005105042,1,1
"KR10M003","Male",2013-12-02,2014-07-28,6.23,6.31,"Kuruman 10",4,"KR10F004",5,238,0.000336134,1,1
"KR10F005","Female",2014-07-28,2015-02-16,2.295,4.605,"Kuruman 10",5,"KR10F004",5,203,0.01137931,1,1
"KR10M003","Male",2014-07-28,2015-02-16,6.31,6.29,"Kuruman 10",5,"KR10F004",5,203,-9.85e-05,1,1
"KR10M006","Male",2014-07-28,2015-02-16,2.375,5.02,"Kuruman 10",5,"KR10F004",5,203,0.013029557,1,1
"KR10M002","Male",2014-07-27,2015-02-17,5.295,5.64,"Kuruman 10",5,"KR10F004",5,205,0.001682927,1,1
"KR10M003","Male",2015-02-16,2015-10-07,6.29,6.425,"Kuruman 10",5,"KR10F004",5,233,0.000579399,1,1
"KR10M006","Male",2015-02-16,2015-10-07,5.02,5.77,"Kuruman 10",5,"KR10F004",5,233,0.003218884,1,1
"KR10F005","Female",2015-02-16,2015-10-08,4.605,5.555,"Kuruman 10",5,"KR10F004",5,234,0.004059829,1,1
"KR10M003","Male",2015-10-07,2016-04-26,6.425,6.495,"Kuruman 10",5,"KR10F004",10,202,0.000346535,1,1
"KR10M007","Male",2015-10-07,2016-04-26,3.78,5.73,"Kuruman 10",5,"KR10F004",10,202,0.009653465,1,1
"KR10F005","Female",2015-10-08,2016-04-26,5.555,5.885,"Kuruman 10",5,"KR10F004",10,201,0.001641791,1,1
"KR10M006","Male",2015-10-07,2016-04-26,5.77,6.67,"Kuruman 10",5,"KR10F004",10,202,0.004455446,1,1
"KR10M003","Male",2016-04-26,2017-02-20,6.495,6.72,"Kuruman 10",10,"KR10F004",11,300,0.00075,1,1
"KR10M018","Male",2017-02-21,2017-08-19,3.455,5.31,"Kuruman 10",11,"KR10F004",12,179,0.010363128,1,1
"KR10M019","Male",2017-02-22,2017-08-19,4.7,5.845,"Kuruman 10",11,"KR10F004",12,178,0.006432584,1,1
"KR10M014","Male",2017-02-20,2017-08-19,5.46,5.885,"Kuruman 10",11,"KR10F004",12,180,0.002361111,1,1
"KR10M021","Male",2017-02-23,2017-08-19,4.69,5.74,"Kuruman 10",11,"KR10F004",12,177,0.005932203,1,1
"KR10M016","Male",2017-02-21,2017-08-19,5.095,5.48,"Kuruman 10",11,"KR10F004",12,179,0.002150838,1,1
"KR10M003","Male",2017-02-20,2017-08-19,6.72,6.675,"Kuruman 10",11,"KR10F004",12,180,-0.00025,1,1
"KR10M020","Male",2017-02-23,2017-08-22,4.73,5.72,"Kuruman 10",11,"KR10F004",12,180,0.0055,1,1
"KR10M021","Male",2017-08-19,2018-03-17,5.74,6.55,"Kuruman 10",12,"KR10F004",17,210,0.003857143,1,1
"KR10M003","Male",2017-08-19,2018-03-17,6.675,6.89,"Kuruman 10",12,"KR10F004",17,210,0.00102381,1,1
"KR10M019","Male",2017-08-19,2018-03-17,5.845,6.58,"Kuruman 10",12,"KR10F004",17,210,0.0035,1,1
"KR10M014","Male",2017-08-19,2018-03-17,5.885,6.555,"Kuruman 10",12,"KR10F004",17,210,0.003190476,1,1
"KR10F024","Female",2017-08-21,2018-03-18,4.185,5.285,"Kuruman 10",12,"KR10F004",17,209,0.005263158,1,1
"KR10M018","Male",2017-08-19,2018-03-18,5.31,6.35,"Kuruman 10",12,"KR10F004",17,211,0.00492891,1,1
"KR10M020","Male",2017-08-22,2018-03-18,5.72,6.39,"Kuruman 10",12,"KR10F004",17,208,0.003221154,1,1
"KR10M023","Male",2017-08-21,2018-03-18,3.995,5.54,"Kuruman 10",12,"KR10F004",17,209,0.007392344,1,1
"KR10M016","Male",2017-08-19,2018-03-18,5.48,6.16,"Kuruman 10",12,"KR10F004",17,211,0.003222749,1,1
"KR10M025","Male",2017-08-21,2018-03-19,2.04,4.955,"Kuruman 10",12,"KR10F004",17,210,0.013880952,1,1
"KR10M016","Male",2018-03-18,2018-10-03,6.16,5.955,"Kuruman 10",17,"KR10F004",16,199,-0.001030151,1,0
"KR10M023","Male",2018-03-18,2018-10-05,5.54,5.885,"Kuruman 10",17,"KR10F004",16,201,0.001716418,1,0
"KR10M031","Male",2018-10-05,2019-03-12,3.18,4.82,"Kuruman 10",16,"KR10F004",20,158,0.010379747,0,0
"KR10M016","Male",2018-10-03,2019-03-13,5.955,6.255,"Kuruman 10",16,"KR10F004",20,161,0.001863354,0,0
"KR10M023","Male",2018-10-05,2019-03-13,5.885,6.335,"Kuruman 10",16,"KR10F004",20,159,0.002830189,0,0
"KR10M033","Male",2018-10-06,2019-03-13,3.145,4.705,"Kuruman 10",16,"KR10F004",20,158,0.009873418,0,0
"KR10M030","Male",2018-10-04,2019-03-13,4.695,5.41,"Kuruman 10",16,"KR10F004",20,160,0.00446875,0,0
"KR10M032","Male",2018-10-06,2019-03-13,3.475,4.845,"Kuruman 10",16,"KR10F004",20,158,0.008670886,0,0
"KR10M014","Male",2019-03-14,2019-09-09,6.49,6.44,"Kuruman 10",20,"KR10F004",19,179,-0.00027933,0,1
"KR10M016","Male",2019-03-13,2019-09-09,6.255,6.09,"Kuruman 10",20,"KR10F004",19,180,-0.000916667,0,1
"KR10M026","Male",2019-03-13,2019-09-09,6.085,6.19,"Kuruman 10",20,"KR10F004",19,180,0.000583333,0,1
"KR10M034","Male",2019-03-16,2019-09-09,3.17,4.275,"Kuruman 10",20,"KR10F004",19,177,0.006242938,0,1
"KR10M031","Male",2019-03-12,2019-09-10,4.82,5.385,"Kuruman 10",20,"KR10F004",19,182,0.003104396,0,1
"KR10M030","Male",2019-03-13,2019-09-10,5.41,5.64,"Kuruman 10",20,"KR10F004",19,181,0.001270718,0,1
"KR10M025","Male",2019-03-14,2019-09-10,5.765,5.875,"Kuruman 10",20,"KR10F004",19,180,0.000611111,0,1
"KR10M029","Male",2019-03-12,2019-09-10,5.55,5.5,"Kuruman 10",20,"KR10F004",19,182,-0.000274725,0,1
"KR10M027","Male",2019-03-13,2019-09-10,5.93,5.825,"Kuruman 10",20,"KR10F004",19,181,-0.00058011,0,1
"KR10M035","Male",2019-03-17,2019-09-10,3.08,4.58,"Kuruman 10",20,"KR10F004",19,177,0.008474576,0,1
"KR10M033","Male",2019-03-13,2019-09-10,4.705,5.04,"Kuruman 10",20,"KR10F004",19,181,0.001850829,0,1
"KR10M037","Male",2019-03-14,2019-09-10,4.55,5.26,"Kuruman 10",20,"KR10F004",19,180,0.003944444,0,1
"KR10M032","Male",2019-03-13,2019-09-10,4.845,5.185,"Kuruman 10",20,"KR10F004",19,181,0.001878453,0,1
"KR10F024","Female",2019-03-13,2019-09-10,6.115,5.885,"Kuruman 10",20,"KR10F004",19,181,-0.001270718,0,1
"KR10M003","Male",2019-09-10,2020-03-08,6.13,6.385,"Kuruman 10",19,"KR10F004",16,180,0.001416667,1,1
"KR10M035","Male",2019-09-10,2020-03-09,4.58,5.465,"Kuruman 10",19,"KR10F004",16,181,0.004889503,1,1
"KR10M027","Male",2019-09-10,2020-03-09,5.825,6.15,"Kuruman 10",19,"KR10F004",16,181,0.00179558,1,1
"KR10F022","Female",2019-09-09,2020-03-09,6.22,5.9,"Kuruman 10",19,"KR10F004",16,182,-0.001758242,1,1
"KR10F024","Female",2019-09-10,2020-03-09,5.885,6.11,"Kuruman 10",19,"KR10F004",16,181,0.001243094,1,1
"KR10M031","Male",2019-09-10,2020-03-09,5.385,5.71,"Kuruman 10",19,"KR10F004",16,181,0.00179558,1,1
"KR10M029","Male",2019-09-10,2020-03-10,5.5,5.695,"Kuruman 10",19,"KR10F004",16,182,0.001071429,1,1
"KR10M028","Male",2019-09-09,2020-03-10,6.275,6.39,"Kuruman 10",19,"KR10F004",16,183,0.000628415,1,1
"KR10M032","Male",2019-09-10,2020-03-11,5.185,5.455,"Kuruman 10",19,"KR10F004",16,183,0.00147541,1,1
"KR10M034","Male",2019-09-09,2020-03-11,4.275,5.135,"Kuruman 10",19,"KR10F004",16,184,0.004673913,1,1
"KR10M033","Male",2019-09-10,2020-03-11,5.04,5.45,"Kuruman 10",19,"KR10F004",16,183,0.002240437,1,1
"KR10M025","Male",2019-09-10,2020-03-11,5.875,5.895,"Kuruman 10",19,"KR10F004",16,183,0.00010929,1,1
"KR10M014","Male",2019-09-09,2020-03-12,6.44,6.405,"Kuruman 10",19,"KR10F004",16,185,-0.000189189,1,1
"KR10M023","Male",2019-09-09,2020-03-12,5.68,6.21,"Kuruman 10",19,"KR10F004",16,185,0.002864865,1,1
"KR10M026","Male",2019-09-09,2020-03-12,6.19,6.17,"Kuruman 10",19,"KR10F004",16,185,-0.000108108,1,1
"KR11F003","Female",2017-02-21,2017-08-19,4.525,5.34,"Kuruman 11",7,"KR11F001",11,179,0.004553073,1,1
"KR11F002","Female",2017-02-20,2017-08-19,2.97,4.795,"Kuruman 11",7,"KR11F001",11,180,0.010138889,1,1
"KR11F006","Female",2017-02-22,2017-08-19,3.475,5.065,"Kuruman 11",7,"KR11F001",11,178,0.008932584,1,1
"KR11M004","Male",2017-02-21,2017-08-19,4.535,5.485,"Kuruman 11",7,"KR11F001",11,179,0.005307263,1,1
"KR11M004","Male",2017-08-19,2018-03-17,5.485,6.26,"Kuruman 11",11,"KR11F001",15,210,0.003690476,1,1
"KR11F006","Female",2017-08-19,2018-03-17,5.065,5.75,"Kuruman 11",11,"KR11F001",15,210,0.003261905,1,1
"KR11M009","Male",2017-08-20,2018-03-18,3.705,5.7,"Kuruman 11",11,"KR11F001",15,210,0.0095,1,1
"KR11M010","Male",2017-08-20,2018-03-18,2.29,5.105,"Kuruman 11",11,"KR11F001",15,210,0.013404762,1,1
"KR11F007","Female",2017-08-19,2018-03-18,3.95,5.64,"Kuruman 11",11,"KR11F001",15,211,0.008009479,1,1
"KR11M011","Male",2017-08-20,2018-03-18,2.365,4.79,"Kuruman 11",11,"KR11F001",15,210,0.011547619,1,1
"KR11F002","Female",2017-08-19,2018-03-18,4.795,5.285,"Kuruman 11",11,"KR11F001",15,211,0.002322275,1,1
"KR11F008","Female",2017-08-20,2018-03-18,3.81,4.985,"Kuruman 11",11,"KR11F001",15,210,0.005595238,1,1
"KR11F003","Female",2017-08-19,2018-03-19,5.34,5.65,"Kuruman 11",11,"KR11F001",15,212,0.001462264,1,1
"KR11F015","Female",2018-03-20,2018-10-02,3.31,4.805,"Kuruman 11",15,"KR11F001",16,196,0.007627551,1,0
"KR11M012","Female",2018-03-18,2018-10-03,3.79,4.585,"Kuruman 11",15,"KR11F001",16,199,0.003994975,1,0
"KR11M011","Male",2018-03-18,2018-10-03,4.79,5.08,"Kuruman 11",15,"KR11F001",16,199,0.001457286,1,0
"KR11M009","Male",2018-03-18,2018-10-03,5.7,5.995,"Kuruman 11",15,"KR11F001",16,199,0.001482412,1,0
"KR11F002","Female",2018-03-18,2018-10-03,5.285,5.52,"Kuruman 11",15,"KR11F001",16,199,0.001180905,1,0
"KR11F008","Female",2018-03-18,2018-10-04,4.985,5.44,"Kuruman 11",15,"KR11F001",16,200,0.002275,1,0
"KR11M004","Male",2018-03-17,2018-10-06,6.26,6.595,"Kuruman 11",15,"KR11F001",16,203,0.001650246,1,0
"KR11M010","Male",2018-03-18,2018-10-10,5.105,5.715,"Kuruman 11",15,"KR11F001",16,206,0.002961165,1,0
"KR11F008","Female",2018-10-04,2019-03-13,5.44,5.585,"Kuruman 11",16,NA,22,160,0.00090625,0,0
"KR11F016","Female",2018-10-03,2019-03-13,3.47,4.34,"Kuruman 11",16,NA,22,161,0.005403727,0,0
"KR11M011","Male",2018-10-03,2019-03-13,5.08,5.865,"Kuruman 11",16,NA,22,161,0.004875776,0,0
"KR11M012","Female",2018-10-03,2019-03-13,4.585,5.4,"Kuruman 11",16,NA,22,161,0.005062112,0,0
"KR11M009","Male",2018-10-03,2019-03-13,5.995,6.975,"Kuruman 11",16,NA,22,161,0.006086957,0,0
"KR11F019","Female",2018-10-03,2019-03-14,3.8,4.575,"Kuruman 11",16,NA,22,162,0.004783951,0,0
"KR11F002","Female",2018-10-03,2019-03-14,5.52,5.795,"Kuruman 11",16,NA,22,162,0.001697531,0,0
"KR11M017","Male",2018-10-04,2019-03-14,3.89,5.44,"Kuruman 11",16,NA,22,161,0.009627329,0,0
"KR11M004","Male",2018-10-06,2019-03-14,6.595,6.54,"Kuruman 11",16,NA,22,159,-0.000345912,0,0
"KR11M014","Male",2018-03-20,2019-03-14,3.5,5.59,"Kuruman 11",15,"KR11F001",22,359,0.005821727,1,0
"KR11F015","Female",2018-10-02,2019-03-14,4.805,5.345,"Kuruman 11",16,NA,22,163,0.003312883,0,0
"KR11F019","Female",2019-03-14,2019-09-23,4.575,4.76,"Kuruman 11",22,"KR11F001",20,193,0.000958549,0,1
"KR11M023","Male",2019-03-14,2019-09-23,3.655,4.67,"Kuruman 11",22,"KR11F001",20,193,0.005259067,0,1
"KR11F006","Female",2019-03-13,2019-09-23,6.025,5.97,"Kuruman 11",22,"KR11F001",20,194,-0.000283505,0,1
"KR11M017","Male",2019-03-14,2019-09-23,5.44,5.305,"Kuruman 11",22,"KR11F001",20,193,-0.000699482,0,1
"KR11F015","Female",2019-03-14,2019-09-24,5.345,5.39,"Kuruman 11",22,"KR11F001",20,194,0.000231959,0,1
"KR11F016","Female",2019-03-13,2019-09-24,4.34,4.815,"Kuruman 11",22,"KR11F001",20,195,0.002435897,0,1
"KR11F021","Female",2019-03-13,2019-09-24,4.395,4.71,"Kuruman 11",22,"KR11F001",20,195,0.001615385,0,1
"KR11M011","Male",2019-03-13,2019-09-24,5.865,5.965,"Kuruman 11",22,"KR11F001",20,195,0.000512821,0,1
"KR11F008","Female",2019-03-13,2019-09-25,5.585,5.57,"Kuruman 11",22,"KR11F001",20,196,-7.65e-05,0,1
"KR11M020","Male",2019-03-13,2019-09-25,5.215,5.11,"Kuruman 11",22,"KR11F001",20,196,-0.000535714,0,1
"KR11F022","Female",2019-03-14,2019-09-25,3.605,4.62,"Kuruman 11",22,"KR11F001",20,195,0.005205128,0,1
"KR11M004","Male",2019-03-14,2019-09-25,6.54,6.555,"Kuruman 11",22,"KR11F001",20,195,7.69e-05,0,1
"KR11M014","Male",2019-03-14,2019-09-25,5.59,5.715,"Kuruman 11",22,"KR11F001",20,195,0.000641026,0,1
"KR11M012","Female",2019-03-13,2019-09-25,5.4,5.415,"Kuruman 11",22,"KR11F001",20,196,7.65e-05,0,1
"KR11F013","Female",2019-03-13,2019-09-26,5.33,5.165,"Kuruman 11",22,"KR11F001",20,197,-0.000837563,0,1
"KR11M010","Male",2019-03-14,2019-09-26,6.125,6.315,"Kuruman 11",22,"KR11F001",20,196,0.000969388,0,1
"KR11M024","Male",2019-03-14,2019-09-27,3.585,4.355,"Kuruman 11",22,"KR11F001",20,197,0.003908629,0,1
"KR11M009","Male",2019-09-24,2020-03-30,6.535,6.42,"Kuruman 11",20,"KR11F001",17,188,-0.000611702,1,1
"KR11M012","Female",2019-09-25,2020-03-30,5.415,5.32,"Kuruman 11",20,"KR11F001",17,187,-0.000508021,1,1
"KR11M014","Male",2019-09-25,2020-03-30,5.715,5.62,"Kuruman 11",20,"KR11F001",17,187,-0.000508021,1,1
"KR11F021","Female",2019-09-24,2020-03-31,4.71,4.65,"Kuruman 11",20,"KR11F001",17,189,-0.00031746,1,1
"KR11M017","Male",2019-09-23,2020-03-31,5.305,5.115,"Kuruman 11",20,"KR11F001",17,190,-0.001,1,1
"KR11F013","Female",2019-09-26,2020-03-31,5.165,5.525,"Kuruman 11",20,"KR11F001",17,187,0.001925134,1,1
"KR11F019","Female",2019-09-23,2020-03-31,4.76,4.705,"Kuruman 11",20,"KR11F001",17,190,-0.000289474,1,1
"KR11M023","Male",2019-09-23,2020-03-31,4.67,4.56,"Kuruman 11",20,"KR11F001",17,190,-0.000578947,1,1
"KR11F015","Female",2019-09-24,2020-03-31,5.39,5.065,"Kuruman 11",20,"KR11F001",17,189,-0.001719577,1,1
"KR11F008","Female",2019-09-25,2020-04-01,5.57,5.595,"Kuruman 11",20,"KR11F001",17,189,0.000132275,1,1
"KR11F022","Female",2019-09-25,2020-04-01,4.62,4.73,"Kuruman 11",20,"KR11F001",17,189,0.000582011,1,1
"KR11F016","Female",2019-09-24,2020-04-01,4.815,5.02,"Kuruman 11",20,"KR11F001",17,190,0.001078947,1,1
"KR11M004","Male",2019-09-25,2020-04-01,6.555,6.375,"Kuruman 11",20,"KR11F001",17,189,-0.000952381,1,1
"KR11M011","Male",2019-09-24,2020-04-01,5.965,5.75,"Kuruman 11",20,"KR11F001",17,190,-0.001131579,1,1
"KR13M005","Male",2014-01-23,2014-08-05,5.63,6.51,"Kuruman 13",26,"KR13F013",21,194,0.004536082,1,1
"KR13M008","Male",2014-01-23,2014-08-05,5.635,6.625,"Kuruman 13",26,"KR13F013",21,194,0.005103093,1,1
"KR13M022","Male",2014-01-26,2014-08-05,5.38,6.38,"Kuruman 13",26,"KR13F013",21,191,0.005235602,1,1
"KR13F006","Female",2014-01-23,2014-08-06,6.075,6.12,"Kuruman 13",26,"KR13F013",21,195,0.000230769,1,1
"KR13F016","Female",2014-01-24,2014-08-06,5.135,5.43,"Kuruman 13",26,"KR13F013",21,194,0.001520619,1,1
"KR13F019","Female",2014-01-25,2014-08-06,4.54,5.72,"Kuruman 13",26,"KR13F013",21,193,0.00611399,1,1
"KR13F020","Female",2014-01-25,2014-08-06,2.81,4.925,"Kuruman 13",26,"KR13F013",21,193,0.010958549,1,1
"KR13F021","Female",2014-01-26,2014-08-06,4.905,5.33,"Kuruman 13",26,"KR13F013",21,192,0.002213542,1,1
"KR13M004","Male",2014-01-23,2014-08-06,7.595,7.43,"Kuruman 13",26,"KR13F013",21,195,-0.000846154,1,1
"KR13M012","Male",2014-01-24,2014-08-06,5.17,5.965,"Kuruman 13",26,"KR13F013",21,194,0.004097938,1,1
"KR13M015","Male",2014-01-24,2014-08-06,5.18,6.04,"Kuruman 13",26,"KR13F013",21,194,0.00443299,1,1
"KR13M024","Male",2014-01-27,2014-08-06,3,5.24,"Kuruman 13",26,"KR13F013",21,191,0.011727749,1,1
"KR13M026","Male",2014-01-28,2014-08-07,2.805,5.05,"Kuruman 13",26,"KR13F013",21,191,0.011753927,1,1
"KR13F019","Female",2014-08-06,2015-02-10,5.72,6.09,"Kuruman 13",21,"KR13F013",23,188,0.001968085,1,1
"KR13F020","Female",2014-08-06,2015-02-10,4.925,5.62,"Kuruman 13",21,"KR13F013",23,188,0.003696809,1,1
"KR13F027","Female",2014-08-08,2015-02-10,2.875,4.905,"Kuruman 13",21,"KR13F013",23,186,0.010913978,1,1
"KR13F028","Female",2014-08-08,2015-02-10,3.125,5.185,"Kuruman 13",21,"KR13F013",23,186,0.011075269,1,1
"KR13M004","Male",2014-08-06,2015-02-10,7.43,7.5,"Kuruman 13",21,"KR13F013",23,188,0.00037234,1,1
"KR13M005","Male",2014-08-05,2015-02-10,6.51,7.32,"Kuruman 13",21,"KR13F013",23,189,0.004285714,1,1
"KR13M022","Male",2014-08-05,2015-02-10,6.38,6.75,"Kuruman 13",21,"KR13F013",23,189,0.001957672,1,1
"KR13M024","Male",2014-08-06,2015-02-10,5.24,6.14,"Kuruman 13",21,"KR13F013",23,188,0.004787234,1,1
"KR13M026","Male",2014-08-07,2015-02-10,5.05,5.925,"Kuruman 13",21,"KR13F013",23,187,0.004679144,1,1
"KR13M030","Male",2014-08-08,2015-02-10,3.345,5.355,"Kuruman 13",21,"KR13F013",23,186,0.010806452,1,1
"KR13M015","Male",2014-08-06,2015-02-10,6.04,6.645,"Kuruman 13",21,"KR13F013",23,188,0.003218085,1,1
"KR13M008","Male",2014-08-05,2015-02-11,6.625,7.09,"Kuruman 13",21,"KR13F013",23,190,0.002447368,1,1
"KR13M012","Male",2014-08-06,2015-02-11,5.965,6.515,"Kuruman 13",21,"KR13F013",23,189,0.002910053,1,1
"KR13M031","Male",2014-08-08,2015-02-11,3.025,5.235,"Kuruman 13",21,"KR13F013",23,187,0.011818182,1,1
"KR13M030","Male",2015-02-10,2015-09-20,5.355,6.305,"Kuruman 13",23,"KR13F013",22,222,0.004279279,1,1
"KR13M031","Male",2015-02-11,2015-09-20,5.235,6.06,"Kuruman 13",23,"KR13F013",22,221,0.003733032,1,1
"KR13F019","Female",2015-02-10,2015-09-22,6.09,6.395,"Kuruman 13",23,"KR13F013",22,224,0.001361607,1,1
"KR13F037","Female",2015-02-13,2015-09-22,2.84,4.485,"Kuruman 13",23,"KR13F013",22,221,0.007443439,1,1
"KR13M033","Male",2015-02-11,2015-09-22,2.865,5.02,"Kuruman 13",23,"KR13F013",22,223,0.009663677,1,1
"KR13F034","Female",2015-02-12,2015-09-22,2.88,4.7,"Kuruman 13",23,"KR13F013",22,222,0.008198198,1,1
"KR13M032","Male",2015-02-12,2015-09-23,2.77,5.015,"Kuruman 13",23,"KR13F013",22,223,0.010067265,1,1
"KR13M036","Male",2015-02-13,2015-09-23,2.74,4.665,"Kuruman 13",23,"KR13F013",22,222,0.008671171,1,1
"KR13F028","Female",2015-02-10,2015-09-23,5.185,5.625,"Kuruman 13",23,"KR13F013",22,225,0.001955556,1,1
"KR13F035","Female",2015-02-12,2015-09-24,2.82,4.97,"Kuruman 13",23,"KR13F013",22,224,0.009598214,1,1
"KR13M004","Male",2015-02-10,2015-09-24,7.5,7.48,"Kuruman 13",23,"KR13F013",22,226,-8.85e-05,1,1
"KR13F043","Female",2015-09-22,2016-04-12,4.115,5.2,"Kuruman 13",22,"KR13F013",24,203,0.005344828,1,1
"KR13M032","Male",2015-09-23,2016-04-12,5.015,6.05,"Kuruman 13",22,"KR13F013",24,202,0.005123762,1,1
"KR13M033","Male",2015-09-22,2016-04-12,5.02,6.41,"Kuruman 13",22,"KR13F013",24,203,0.006847291,1,1
"KR13F040","Female",2015-09-21,2016-04-12,4.365,5.575,"Kuruman 13",22,"KR13F013",24,204,0.005931373,1,1
"KR13M030","Male",2015-09-20,2016-04-12,6.305,7.08,"Kuruman 13",22,"KR13F013",24,205,0.003780488,1,1
"KR13M029","Male",2015-09-22,2016-04-12,6.24,6.775,"Kuruman 13",22,"KR13F013",24,203,0.002635468,1,1
"KR13M041","Male",2015-09-22,2016-04-13,2.665,5.225,"Kuruman 13",22,"KR13F013",24,204,0.01254902,1,1
"KR13M036","Male",2015-09-23,2016-04-13,4.665,6.13,"Kuruman 13",22,"KR13F013",24,203,0.007216749,1,1
"KR13F034","Female",2015-09-22,2016-04-13,4.7,5.66,"Kuruman 13",22,"KR13F013",24,204,0.004705882,1,1
"KR13F042","Female",2015-09-22,2016-04-13,4.245,5.29,"Kuruman 13",22,"KR13F013",24,204,0.005122549,1,1
"KR13M004","Male",2015-09-24,2016-04-13,7.48,7.55,"Kuruman 13",22,"KR13F013",24,202,0.000346535,1,1
"KR13F039","Female",2015-09-21,2016-04-13,4.915,5.615,"Kuruman 13",22,"KR13F013",24,205,0.003414634,1,1
"KR13F037","Female",2015-09-22,2016-04-13,4.485,5.12,"Kuruman 13",22,"KR13F013",24,204,0.003112745,1,1
"KR13F038","Female",2015-09-21,2016-04-14,2.77,4.75,"Kuruman 13",22,"KR13F013",24,206,0.00961165,1,1
"KR13F035","Female",2015-09-24,2016-04-14,4.97,5.39,"Kuruman 13",22,"KR13F013",24,203,0.002068966,1,1
"KR13M045","Male",2016-04-12,2017-01-23,4.255,6.385,"Kuruman 13",24,"KR13F013",13,286,0.007447552,1,1
"KR13M004","Male",2016-04-13,2017-01-24,7.55,7.545,"Kuruman 13",24,"KR13F013",13,286,-1.75e-05,1,1
"KR13M051","Male",2016-04-16,2017-01-24,3.755,6.095,"Kuruman 13",24,"KR13F013",13,283,0.008268551,1,1
"KR13M041","Male",2016-04-13,2017-01-24,5.225,6.805,"Kuruman 13",24,"KR13F013",13,286,0.005524476,1,1
"KR13M046","Male",2016-04-13,2017-01-26,4.275,6.47,"Kuruman 13",24,"KR13F013",13,288,0.007621528,1,1
"KR13F055","Female",2017-01-24,2017-08-16,4.5,5.77,"Kuruman 13",13,NA,2,204,0.00622549,1,1
"L18F014","Female",2016-03-01,2016-05-30,5.63,5.645,"Lonely 18",5,"L18F002",1,90,0.000166667,1,1
"L18F014","Female",2016-05-30,2017-01-31,5.645,5.61,"Kuruman 14",1,NA,1,246,-0.000142276,1,1
"L18F014","Female",2017-01-31,2017-08-09,5.61,5.845,"Kuruman 14",1,NA,1,190,0.001236842,1,1
"KR13F037","Female",2016-04-13,2016-09-06,5.12,5.365,"Kuruman 13",24,"KR13F013",1,146,0.001678082,1,1
"KR13F037","Female",2016-09-06,2017-03-08,5.365,5.515,"Kuruman 15",1,NA,1,183,0.000819672,1,1
"KR13F037","Female",2017-03-08,2017-09-13,5.515,5.505,"Kuruman 15",1,NA,1,189,-5.29e-05,1,1
"KR19M006","Male",2017-02-14,2017-08-01,2.43,4.25,"Kuruman 19",8,"KR13F017",7,168,0.010833333,1,1
"KR19M002","Male",2017-02-13,2017-08-02,2.42,4.6,"Kuruman 19",8,"KR13F017",7,170,0.012823529,1,1
"KR19F003","Female",2017-02-14,2017-08-03,2.555,4.3,"Kuruman 19",8,"KR13F017",7,170,0.010264706,1,1
"KR19F001","Female",2017-02-14,2017-08-03,4.4,4.855,"Kuruman 19",8,"KR13F017",7,170,0.002676471,1,1
"KR19M004","Male",2017-02-14,2017-08-03,4.605,4.975,"Kuruman 19",8,"KR13F017",7,170,0.002176471,1,1
"KR19F009","Female",2018-05-24,2018-11-14,4.89,5.13,"Kuruman 19",8,"KR13F017",6,174,0.00137931,1,0
"KR19F007","Female",2018-11-18,2019-03-25,5.205,5.34,"Kuruman 19",6,"KR13F017",9,127,0.001062992,0,0
"KR19M006","Male",2018-11-15,2019-03-25,5.31,5.485,"Kuruman 19",6,"KR13F017",9,130,0.001346154,0,0
"KR19F009","Female",2018-11-14,2019-03-27,5.13,5.325,"Kuruman 19",6,"KR13F017",9,133,0.001466165,0,0
"KR19F007","Female",2019-03-25,2019-11-15,5.34,5.385,"Kuruman 19",9,"KR13F017",12,235,0.000191489,0,1
"KR19M011","Male",2018-11-18,2019-11-17,4.125,5.445,"Kuruman 19",6,"KR13F017",12,364,0.003626374,0,1
"KR19F012","Female",2019-03-28,2019-11-18,4.955,5.16,"Kuruman 19",9,"KR13F017",12,235,0.00087234,0,1
"KR19M005","Male",2019-03-25,2019-11-18,5.5,5.855,"Kuruman 19",9,"KR13F017",12,238,0.001491597,0,1
"KR19F009","Female",2019-03-27,2019-11-18,5.325,5.385,"Kuruman 19",9,"KR13F017",12,236,0.000254237,0,1
"KR19M006","Male",2019-03-25,2019-11-20,5.485,5.495,"Kuruman 19",9,"KR13F017",12,240,4.17e-05,0,1
"KR19F015","Female",2019-11-17,2020-04-28,4.49,4.81,"Kuruman 19",12,"KR13F017",10,163,0.00196319,1,0
"KR19M014","Male",2019-11-16,2020-04-28,3.68,4.74,"Kuruman 19",12,"KR13F017",10,164,0.006463415,1,0
"KR19F007","Female",2019-11-15,2020-04-28,5.385,5.295,"Kuruman 19",12,"KR13F017",10,165,-0.000545455,1,0
"KR19M011","Male",2019-11-17,2020-04-28,5.445,5.71,"Kuruman 19",12,"KR13F017",10,163,0.001625767,1,0
"KR19F009","Female",2019-11-18,2020-04-28,5.385,5.54,"Kuruman 19",12,"KR13F017",10,162,0.00095679,1,0
"KR19M006","Male",2019-11-20,2020-04-28,5.495,5.395,"Kuruman 19",12,"KR13F017",10,160,-0.000625,1,0
"KR19M016","Male",2019-11-17,2020-04-29,3.84,4.78,"Kuruman 19",12,"KR13F017",10,164,0.005731707,1,0
"KR19M005","Male",2019-11-18,2020-04-30,5.855,5.775,"Kuruman 19",12,"KR13F017",10,164,-0.000487805,1,0
"KR2F001","Female",2014-01-31,2014-07-27,6.535,6.575,"Kuruman 2",1,NA,1,177,0.000225989,1,1
"KR2F001","Female",2014-07-27,2015-02-17,6.575,6.46,"Kuruman 2",1,NA,1,205,-0.000560976,1,1
"KR2F001","Female",2015-02-17,2015-10-15,6.46,6.485,"Kuruman 2",1,NA,1,240,0.000104167,1,1
"KR20M002","Male",2017-01-19,2017-08-01,2.74,5.06,"Kuruman 20",7,"KR8F003",10,194,0.011958763,1,1
"KR20M005","Male",2017-01-18,2017-08-01,2.675,5.275,"Kuruman 20",7,"KR8F003",10,195,0.013333333,1,1
"KR20M001","Male",2017-01-17,2017-08-02,4.92,5.775,"Kuruman 20",7,"KR8F003",10,197,0.004340102,1,1
"KR20M003","Male",2017-01-19,2017-08-02,2.965,5.13,"Kuruman 20",7,"KR8F003",10,195,0.011102564,1,1
"KR20M004","Male",2017-01-19,2017-08-02,2.895,4.775,"Kuruman 20",7,"KR8F003",10,195,0.009641026,1,1
"KR20M005","Male",2018-09-21,2019-03-25,6.22,6.675,"Kuruman 20",14,"KR8F003",17,185,0.002459459,1,1
"KR20M010","Male",2018-09-23,2019-03-25,5.37,5.99,"Kuruman 20",14,"KR8F003",17,183,0.003387978,1,1
"KR20F012","Female",2018-09-23,2019-03-25,5.265,5.44,"Kuruman 20",14,"KR8F003",17,183,0.000956284,1,1
"KR20M002","Male",2018-09-21,2019-03-25,6.18,6.43,"Kuruman 20",14,"KR8F003",17,185,0.001351351,1,1
"KR20F013","Female",2018-09-21,2019-03-26,5.38,5.755,"Kuruman 20",14,"KR8F003",17,186,0.002016129,1,1
"KR20F011","Female",2018-09-22,2019-03-26,5.21,5.545,"Kuruman 20",14,"KR8F003",17,185,0.001810811,1,1
"KR20F009","Female",2018-09-22,2019-03-27,4.945,5.27,"Kuruman 20",14,"KR8F003",17,186,0.001747312,1,1
"KR20M008","Male",2018-09-26,2019-03-27,5.76,6.435,"Kuruman 20",14,"KR8F003",17,182,0.003708791,1,1
"KR20M006","Male",2018-09-22,2019-03-27,5.595,6.075,"Kuruman 20",14,"KR8F003",17,186,0.002580645,1,1
"KR21F001","Female",2015-02-27,2015-10-11,6.195,6.015,"Kuruman 21",1,NA,1,226,-0.00079646,1,1
"KR21F001","Female",2015-10-11,2016-04-17,6.015,5.945,"Kuruman 21",1,NA,1,189,-0.00037037,1,1
"KR21F001","Female",2016-04-17,2017-01-16,5.945,6.165,"Kuruman 21",1,NA,1,274,0.00080292,1,1
"KR21F001","Female",2017-01-16,2017-07-31,6.165,5.95,"Kuruman 21",1,NA,1,196,-0.001096939,1,1
"KR21F001","Female",2017-07-31,2018-04-25,5.95,6.19,"Kuruman 21",1,NA,1,268,0.000895522,1,1
"KR21F001","Female",2018-04-25,2018-10-01,6.19,5.865,"Kuruman 21",1,NA,1,159,-0.002044025,1,1
"KR21F001","Female",2018-10-01,2019-03-21,5.865,5.95,"Kuruman 21",1,NA,1,171,0.000497076,1,1
"KR21F001","Female",2019-03-21,2020-03-06,5.95,6.135,"Kuruman 21",1,NA,1,351,0.000527066,1,1
"KR1F014","Female",2015-09-27,2016-03-17,5.9,6.185,"Kuruman 22",1,NA,1,172,0.001656977,1,1
"KR1F014","Female",2016-03-17,2017-02-13,6.185,6.23,"Kuruman 22",1,NA,1,333,0.000135135,1,1
"KR13F016","Female",2015-09-27,2016-04-17,5.745,6.035,"Kuruman 23",1,NA,1,203,0.001428571,1,1
"KR13F016","Female",2016-04-17,2017-01-17,6.035,6.035,"Kuruman 23",1,NA,1,275,0,1,1
"KR13F016","Female",2017-01-17,2017-08-02,6.035,5.965,"Kuruman 23",1,NA,1,197,-0.00035533,1,1
"KR24F002","Female",2019-09-23,2020-03-30,5.98,6.065,"Kuruman 24",3,"KR1F015",3,189,0.000449735,1,1
"KR24M003","Male",2019-09-25,2020-03-30,6.68,6.82,"Kuruman 24",3,"KR1F015",3,187,0.000748663,1,1
"L13F005","Female",2016-02-04,2017-01-16,6.045,5.44,"Kuruman 25",1,NA,1,347,-0.001743516,1,1
"L13F005","Female",2017-01-16,2017-07-31,5.44,5.785,"Kuruman 25",1,NA,1,196,0.001760204,1,1
"L13F005","Female",2017-07-31,2018-04-25,5.785,6.025,"Kuruman 25",1,NA,1,268,0.000895522,1,1
"L13F005","Female",2018-04-25,2019-03-23,6.025,5.805,"Kuruman 25",1,NA,1,332,-0.000662651,1,1
"L13F005","Female",2019-03-23,2020-03-05,5.805,5.87,"Kuruman 25",1,NA,1,348,0.000186782,1,1
"KR26M003","Male",2017-01-31,2017-08-07,4.07,5.36,"Kuruman 26",5,"KR13F025",9,188,0.006861702,1,1
"KR26M001","Male",2017-01-31,2017-08-07,3.82,5.135,"Kuruman 26",5,"KR13F025",9,188,0.006994681,1,1
"KR26F002","Female",2017-01-30,2017-08-08,3.775,5.045,"Kuruman 26",5,"KR13F025",9,190,0.006684211,1,1
"KR26M015","Male",2018-11-07,2019-10-17,4.49,6.225,"Kuruman 26",9,"KR13F025",13,344,0.005043605,0,1
"KR26M014","Male",2018-11-06,2019-10-18,4.34,5.83,"Kuruman 26",9,"KR13F025",13,346,0.004306358,0,1
"KR26F011","Female",2019-10-17,2020-05-04,5.56,5.465,"Kuruman 26",13,"KR13F025",11,200,-0.000475,1,1
"KR26M017","Male",2019-10-17,2020-05-04,5.26,6.14,"Kuruman 26",13,"KR13F025",11,200,0.0044,1,1
"KR26F013","Female",2019-10-17,2020-05-04,5.685,6.015,"Kuruman 26",13,"KR13F025",11,200,0.00165,1,1
"KR26M018","Male",2019-10-18,2020-05-04,5.035,5.725,"Kuruman 26",13,"KR13F025",11,199,0.003467337,1,1
"KR26F021","Female",2019-10-19,2020-05-04,3.14,4.77,"Kuruman 26",13,"KR13F025",11,198,0.008232323,1,1
"KR26F024","Female",2019-10-20,2020-05-04,4.925,5.625,"Kuruman 26",13,"KR13F025",11,197,0.003553299,1,1
"KR26M019","Male",2019-10-18,2020-05-04,4.755,5.385,"Kuruman 26",13,"KR13F025",11,199,0.003165829,1,1
"KR26F022","Female",2019-10-20,2020-05-04,4.955,5.545,"Kuruman 26",13,"KR13F025",11,197,0.002994924,1,1
"KR26M020","Male",2019-10-19,2020-05-04,3.115,5.015,"Kuruman 26",13,"KR13F025",11,198,0.00959596,1,1
"KR26F023","Female",2019-10-20,2020-05-04,3.005,4.8,"Kuruman 26",13,"KR13F025",11,197,0.009111675,1,1
"KR13F006","Female",2015-09-20,2016-04-13,6.575,6.525,"Kuruman 13",22,"KR13F013",1,206,-0.000242718,1,1
"KR27M001","Male",2016-07-25,2017-02-05,3.955,5.555,"Kuruman 27",3,"KR13F006",11,195,0.008205128,1,1
"KR27M001","Male",2017-02-05,2017-08-07,5.555,5.965,"Kuruman 27",11,"KR13F006",12,183,0.002240437,1,1
"KR27F002","Female",2017-02-05,2017-08-08,4.365,5.37,"Kuruman 27",11,"KR13F006",12,184,0.005461957,1,1
"KR27F008","Female",2017-02-06,2017-08-08,4.65,5.47,"Kuruman 27",11,"KR13F006",12,183,0.004480874,1,1
"KR13M029","Male",2017-02-05,2017-08-09,6.955,6.915,"Kuruman 27",11,"KR13F006",12,185,-0.000216216,1,1
"KR27M006","Male",2017-02-07,2017-08-09,3.035,4.955,"Kuruman 27",11,"KR13F006",12,183,0.010491803,1,1
"KR27M004","Male",2017-02-06,2017-08-09,3.01,4.65,"Kuruman 27",11,"KR13F006",12,184,0.008913043,1,1
"KR27F003","Female",2017-02-06,2017-08-10,4.15,5.215,"Kuruman 27",11,"KR13F006",12,185,0.005756757,1,1
"KR27M005","Male",2017-02-06,2017-08-11,4.315,5.505,"Kuruman 27",11,"KR13F006",12,186,0.006397849,1,1
"KR27M009","Male",2019-09-21,2020-05-06,6.81,6.77,"Kuruman 27",6,"KR13F006",8,228,-0.000175439,0,1
"KR27F013","Female",2019-09-17,2020-05-06,5.5,5.495,"Kuruman 27",6,"KR13F006",8,232,-2.16e-05,0,1
"KR13M029","Male",2019-09-18,2020-05-06,7.155,7.195,"Kuruman 27",6,"KR13F006",8,231,0.00017316,0,1
"KR13M046","Male",2017-10-23,2018-04-21,6.94,7.16,"Kuruman 28",6,"KR28F001",8,180,0.001222222,0,1
"KR28F003","Female",2017-10-21,2018-04-22,4.15,5.345,"Kuruman 28",6,"KR28F001",8,183,0.006530055,0,1
"KR28M005","Male",2018-04-21,2018-09-15,4.595,5.71,"Kuruman 28",8,"KR28F001",9,147,0.007585034,1,1
"KR13M046","Male",2018-04-21,2018-09-15,7.16,7.195,"Kuruman 28",8,"KR28F001",9,147,0.000238095,1,1
"KR28F003","Female",2018-04-22,2018-09-18,5.345,5.665,"Kuruman 28",8,"KR28F001",9,149,0.002147651,1,1
"KR28M005","Male",2018-09-15,2019-03-19,5.71,6.75,"Kuruman 28",9,"KR28F001",11,185,0.005621622,1,1
"KR28M008","Male",2018-09-15,2019-03-19,5.115,6.105,"Kuruman 28",9,"KR28F001",11,185,0.005351351,1,1
"KR28F006","Female",2018-09-16,2019-03-19,4.655,5.425,"Kuruman 28",9,"KR28F001",11,184,0.004184783,1,1
"KR28M007","Male",2018-09-15,2019-03-19,5.115,6.23,"Kuruman 28",9,"KR28F001",11,185,0.006027027,1,1
"KR13M046","Male",2018-09-15,2019-03-20,7.195,7.27,"Kuruman 28",9,"KR28F001",11,186,0.000403226,1,1
"KR28F003","Female",2018-09-18,2019-03-20,5.665,5.785,"Kuruman 28",9,"KR28F001",11,183,0.000655738,1,1
"KR28F009","Female",2019-03-20,2019-09-16,5.78,6.015,"Kuruman 28",11,"KR28F001",8,180,0.001305556,1,1
"KR28M012","Male",2019-03-20,2019-09-16,3.275,5.26,"Kuruman 28",11,"KR28F001",8,180,0.011027778,1,1
"KR28F006","Female",2019-03-19,2019-09-16,5.425,5.59,"Kuruman 28",11,"KR28F001",8,181,0.000911602,1,1
"KR28M010","Male",2019-03-19,2019-09-16,6.09,6.64,"Kuruman 28",11,"KR28F001",8,181,0.003038674,1,1
"KR13M046","Male",2019-03-20,2019-09-17,7.27,7.43,"Kuruman 28",11,"KR28F001",8,181,0.000883978,1,1
"KR28F014","Female",2019-09-19,2020-03-17,2.995,4.78,"Kuruman 28",8,"KR28F001",13,180,0.009916667,1,0
"KR28F009","Female",2019-09-16,2020-03-17,6.015,6.225,"Kuruman 28",8,"KR28F001",13,183,0.001147541,1,0
"KR28F006","Female",2019-09-16,2020-03-17,5.59,6.075,"Kuruman 28",8,"KR28F001",13,183,0.002650273,1,0
"KR28M010","Male",2019-09-16,2020-03-17,6.64,7.415,"Kuruman 28",8,"KR28F001",13,183,0.004234973,1,0
"KR28F013","Female",2019-09-19,2020-03-19,2.795,4.55,"Kuruman 28",8,"KR28F001",13,182,0.009642857,1,0
"KR28M012","Male",2019-09-16,2020-03-19,5.26,6.1,"Kuruman 28",8,"KR28F001",13,185,0.004540541,1,0
"KR13M046","Male",2019-09-17,2020-03-20,7.43,7.425,"Kuruman 28",8,"KR28F001",13,185,-2.7e-05,1,0
"KR13F053","Female",2019-10-14,2020-04-06,6.215,6.3,"Kuruman 29",1,NA,1,175,0.000485714,1,1
"KR31M002","Male",2017-05-15,2017-10-22,5.29,5.755,"Kuruman 31",3,"KR31F001",6,160,0.00290625,1,0
"KR31M015","Male",2019-11-25,2020-04-20,4.355,5.785,"Kuruman 31",13,"KR31F005",17,147,0.009727891,1,1
"KR31M007","Male",2019-11-23,2020-04-20,5.52,6.165,"Kuruman 31",13,"KR31F005",17,149,0.004328859,1,1
"KR31F012","Female",2019-11-25,2020-04-20,5.79,5.955,"Kuruman 31",13,"KR31F005",17,147,0.001122449,1,1
"KR31F017","Female",2019-11-26,2020-04-20,3.825,4.96,"Kuruman 31",13,"KR31F005",17,146,0.007773973,1,1
"KR31F016","Female",2019-11-25,2020-04-20,5.635,5.73,"Kuruman 31",13,"KR31F005",17,147,0.000646259,1,1
"KR31F008","Female",2019-11-24,2020-04-20,4.225,5.33,"Kuruman 31",13,"KR31F005",17,148,0.007466216,1,1
"KR31M014","Male",2019-11-25,2020-04-21,6.23,6.405,"Kuruman 31",13,"KR31F005",17,148,0.001182432,1,1
"KR31F009","Female",2019-11-24,2020-04-21,5.155,5.355,"Kuruman 31",13,"KR31F005",17,149,0.001342282,1,1
"KR31F011","Female",2019-11-24,2020-04-21,5.445,5.305,"Kuruman 31",13,"KR31F005",17,149,-0.000939597,1,1
"KR31M013","Male",2019-11-25,2020-04-21,2.66,4.675,"Kuruman 31",13,"KR31F005",17,148,0.013614865,1,1
"KR31M010","Male",2019-11-24,2020-04-22,3.975,5.525,"Kuruman 31",13,"KR31F005",17,150,0.010333333,1,1
"KR10M006","Male",2016-04-26,2017-03-06,6.67,7.22,"Kuruman 10",10,"KR10F004",2,314,0.001751592,1,1
"KR1F019","Female",2016-04-27,2017-03-07,6.12,6.325,"Kuruman 1",9,"KR1F007",2,314,0.000652866,1,1
"KR10M006","Male",2017-03-06,2017-09-13,7.22,7.085,"Kuruman 33",2,NA,4,191,-0.000706806,1,1
"KR10M006","Male",2018-10-17,2019-04-15,7.07,6.985,"Kuruman 33",5,"KR1F019",7,180,-0.000472222,0,0
"KR33M002","Male",2018-10-16,2019-04-15,5.995,6.315,"Kuruman 33",5,"KR1F019",7,181,0.001767956,0,0
"KR33F003","Female",2018-10-16,2019-04-16,4.965,5.27,"Kuruman 33",5,"KR1F019",7,182,0.001675824,0,0
"KR33F004","Female",2018-10-16,2019-04-16,4.635,4.97,"Kuruman 33",5,"KR1F019",7,182,0.001840659,0,0
"KR33F003","Female",2019-04-16,2019-10-08,5.27,5.515,"Kuruman 33",7,"KR1F019",7,175,0.0014,0,1
"KR33F004","Female",2019-04-16,2019-10-08,4.97,5.07,"Kuruman 33",7,"KR1F019",7,175,0.000571429,0,1
"KR33F001","Female",2019-04-18,2019-10-08,5.465,5.465,"Kuruman 33",7,"KR1F019",7,173,0,0,1
"KR33F005","Female",2019-04-15,2019-10-08,4.255,4.93,"Kuruman 33",7,"KR1F019",7,176,0.003835227,0,1
"KR33M002","Male",2019-04-15,2019-10-09,6.315,6.22,"Kuruman 33",7,"KR1F019",7,177,-0.000536723,0,1
"KR10M006","Male",2019-04-15,2019-10-10,6.985,7.395,"Kuruman 33",7,"KR1F019",7,178,0.002303371,0,1
"KR33F005","Female",2019-10-08,2020-04-15,4.93,5.08,"Kuruman 33",7,"KR1F019",6,190,0.000789474,1,1
"KR33F003","Female",2019-10-08,2020-04-15,5.515,5.225,"Kuruman 33",7,"KR1F019",6,190,-0.001526316,1,1
"KR33M002","Male",2019-10-09,2020-04-15,6.22,6.12,"Kuruman 33",7,"KR1F019",6,189,-0.000529101,1,1
"KR33F001","Female",2019-10-08,2020-04-16,5.465,5.415,"Kuruman 33",7,"KR1F019",6,191,-0.00026178,1,1
"KR10M013","Male",2017-05-04,2017-10-09,5.72,5.935,"Kuruman 34",2,"KR13F043",4,158,0.001360759,1,1
"KR34M003","Male",2019-04-06,2019-09-09,4.245,4.69,"Kuruman 34",7,"KR13F043",8,156,0.002852564,0,1
"KR34F005","Female",2019-04-08,2019-09-09,4.64,4.765,"Kuruman 34",7,"KR13F043",8,154,0.000811688,0,1
"KR34M002","Male",2019-04-07,2019-09-09,5.53,5.59,"Kuruman 34",7,"KR13F043",8,155,0.000387097,0,1
"KR10M013","Male",2019-04-06,2019-09-09,6.41,6.305,"Kuruman 34",7,"KR13F043",8,156,-0.000673077,0,1
"KR34M001","Male",2019-04-06,2019-09-11,5.165,5.155,"Kuruman 34",7,"KR13F043",8,158,-6.33e-05,0,1
"KR34M001","Male",2019-09-11,2020-04-01,5.155,5.555,"Kuruman 34",8,"KR13F043",8,203,0.001970443,1,1
"KR34F007","Female",2019-09-12,2020-04-01,4.535,5.005,"Kuruman 34",8,"KR13F043",8,202,0.002326733,1,1
"KR34F005","Female",2019-09-09,2020-04-01,4.765,5.1,"Kuruman 34",8,"KR13F043",8,205,0.001634146,1,1
"KR34M003","Male",2019-09-09,2020-04-01,4.69,5.155,"Kuruman 34",8,"KR13F043",8,205,0.002268293,1,1
"KR10M013","Male",2019-09-09,2020-04-02,6.305,6.315,"Kuruman 34",8,"KR13F043",8,206,4.85e-05,1,1
"KR34F006","Female",2019-09-11,2020-04-02,4.71,5.045,"Kuruman 34",8,"KR13F043",8,204,0.001642157,1,1
"KR34M002","Male",2019-09-09,2020-04-02,5.59,5.625,"Kuruman 34",8,"KR13F043",8,206,0.000169903,1,1
"KR13F040","Female",2017-05-02,2017-10-09,5.875,5.975,"Kuruman 35",1,NA,1,160,0.000625,1,1
"KR13F040","Female",2017-10-09,2018-03-23,5.975,6.025,"Kuruman 35",1,NA,1,165,0.00030303,1,1
"KR13F040","Female",2018-03-23,2018-10-15,6.025,5.72,"Kuruman 35",1,NA,1,206,-0.001480583,1,1
"KR36M007","Male",2018-04-17,2019-04-04,6.585,6.765,"Kuruman 36",9,"KR1F004",5,352,0.000511364,0,1
"KR35M002","Male",2019-04-05,2019-10-06,4.695,5.595,"Kuruman 35",5,"KR13F040",7,184,0.004891304,1,1
"KR35F003","Female",2019-04-05,2019-10-06,3.51,4.765,"Kuruman 35",5,"KR13F040",7,184,0.006820652,1,1
"KR35F001","Female",2019-04-04,2019-10-06,4.435,5.525,"Kuruman 35",5,"KR13F040",7,185,0.005891892,1,1
"KR36M007","Male",2019-04-04,2019-10-06,6.765,7.21,"Kuruman 35",5,"KR13F040",7,185,0.002405405,1,1
"KR35F003","Female",2019-10-06,2020-04-13,4.765,5.09,"Kuruman 35",7,"KR13F040",9,190,0.001710526,1,1
"KR35F004","Female",2019-10-06,2020-04-13,2.22,4.67,"Kuruman 35",7,"KR13F040",9,190,0.012894737,1,1
"KR35M005","Male",2019-10-07,2020-04-13,2.21,4.91,"Kuruman 35",7,"KR13F040",9,189,0.014285714,1,1
"KR36M007","Male",2019-10-06,2020-04-13,7.21,7.085,"Kuruman 35",7,"KR13F040",9,190,-0.000657895,1,1
"KR35M002","Male",2019-10-06,2020-04-14,5.595,6.29,"Kuruman 35",7,"KR13F040",9,191,0.003638743,1,1
"KR36F006","Female",2017-05-09,2017-10-09,5.47,5.755,"Kuruman 36",14,"KR1F004",14,153,0.001862745,1,1
"KR36F010","Female",2017-05-09,2017-10-09,2.815,4.545,"Kuruman 36",14,"KR1F004",14,153,0.01130719,1,1
"KR36M005","Male",2017-05-08,2017-10-09,2.835,4.885,"Kuruman 36",14,"KR1F004",14,154,0.013311688,1,1
"KR36M001","Male",2017-05-08,2017-10-09,6.01,6.265,"Kuruman 36",14,"KR1F004",14,154,0.001655844,1,1
"KR36F004","Female",2017-05-08,2017-10-09,5.245,5.45,"Kuruman 36",14,"KR1F004",14,154,0.001331169,1,1
"KR36F009","Female",2017-05-09,2017-10-09,5.515,6.07,"Kuruman 36",14,"KR1F004",14,153,0.003627451,1,1
"KR36M007","Male",2017-05-09,2017-10-09,2.9,5.14,"Kuruman 36",14,"KR1F004",14,153,0.014640523,1,1
"KR36F003","Female",2017-05-08,2017-10-10,4.505,5.31,"Kuruman 36",14,"KR1F004",14,155,0.005193548,1,1
"KR36F008","Female",2017-05-09,2017-10-10,6.005,6.155,"Kuruman 36",14,"KR1F004",14,154,0.000974026,1,1
"KR13M005","Male",2017-05-08,2017-10-10,7.265,7.175,"Kuruman 36",14,"KR1F004",14,155,-0.000580645,1,1
"KR36M002","Male",2017-05-08,2017-10-10,4.545,5.48,"Kuruman 36",14,"KR1F004",14,155,0.006032258,1,1
"KR36F012","Female",2017-05-10,2017-10-10,7.025,7.025,"Kuruman 36",14,"KR1F004",14,153,0,1,1
"KR36M007","Male",2017-10-09,2018-04-17,5.14,6.585,"Kuruman 36",14,"KR1F004",9,190,0.007605263,1,0
"KR36F004","Female",2017-10-09,2018-04-19,5.45,6.015,"Kuruman 36",14,"KR1F004",9,192,0.002942708,1,0
"KR36F006","Female",2017-10-09,2018-04-20,5.755,6.22,"Kuruman 36",14,"KR1F004",9,193,0.002409326,1,0
"KR36F010","Female",2017-10-09,2018-04-20,4.545,5.23,"Kuruman 36",14,"KR1F004",9,193,0.003549223,1,0
"KR36M015","Male",2018-04-18,2018-10-13,5.365,6.16,"Kuruman 36",9,"KR1F004",12,178,0.004466292,0,0
"KR36M014","Male",2018-04-19,2018-10-14,3.7,5.685,"Kuruman 36",9,"KR1F004",12,178,0.011151685,0,0
"KR36F010","Female",2018-04-20,2018-10-14,5.23,5.555,"Kuruman 36",9,"KR1F004",12,177,0.001836158,0,0
"KR13M005","Male",2018-04-21,2018-10-14,6.74,7.24,"Kuruman 36",9,"KR1F004",12,176,0.002840909,0,0
"KR36M017","Male",2018-10-13,2019-04-15,4.615,6.1,"Kuruman 36",12,"KR1F004",15,184,0.008070652,0,0
"KR36F020","Female",2018-10-14,2019-04-15,5.925,6.615,"Kuruman 36",12,"KR1F004",15,183,0.003770492,0,0
"KR36F019","Female",2018-10-14,2019-04-15,4.525,5.22,"Kuruman 36",12,"KR1F004",15,183,0.003797814,0,0
"KR36M014","Male",2018-10-14,2019-04-15,5.685,6.995,"Kuruman 36",12,"KR1F004",15,183,0.00715847,0,0
"KR36F018","Female",2018-10-13,2019-04-15,4.31,5.62,"Kuruman 36",12,"KR1F004",15,184,0.007119565,0,0
"KR36F003","Female",2018-10-14,2019-04-16,5.935,6.05,"Kuruman 36",12,"KR1F004",15,184,0.000625,0,0
"KR36M016","Male",2018-10-13,2019-04-17,4.835,6.445,"Kuruman 36",12,"KR1F004",15,186,0.008655914,0,0
"KR13M005","Male",2018-10-14,2019-04-17,7.24,7.325,"Kuruman 36",12,"KR1F004",15,185,0.000459459,0,0
"KR36F018","Female",2019-04-15,2019-10-31,5.62,5.885,"Kuruman 36",15,"KR1F004",4,199,0.001331658,0,0
"KR36F019","Female",2019-04-15,2019-10-31,5.22,5.67,"Kuruman 36",15,"KR1F004",4,199,0.002261307,0,0
"KR36F018","Female",2019-10-31,2020-05-11,5.885,6.095,"Kuruman 36",4,NA,8,193,0.001088083,0,1
"KR36F010","Female",2019-10-31,2020-05-11,5.785,6.015,"Kuruman 36",4,NA,8,193,0.00119171,0,1
"KR36F019","Female",2019-10-31,2020-05-12,5.67,6.095,"Kuruman 36",4,NA,8,194,0.002190722,0,1
"KR39M001","Male",2018-11-28,2019-03-19,3.465,4.54,"Kuruman 39",5,"KR13F019",5,111,0.009684685,0,1
"KR39M002","Male",2018-11-27,2019-03-20,3.76,5.05,"Kuruman 39",5,"KR13F019",5,113,0.011415929,0,1
"KR36M001","Male",2018-11-27,2019-03-20,6.965,7.08,"Kuruman 39",5,"KR13F019",5,113,0.001017699,0,1
"KR36M001","Male",2019-03-20,2019-09-16,7.08,7.145,"Kuruman 39",5,"KR13F019",6,180,0.000361111,1,1
"KR39M001","Male",2019-03-19,2019-09-17,4.54,5.41,"Kuruman 39",5,"KR13F019",6,182,0.00478022,1,1
"KR39M002","Male",2019-03-20,2019-09-17,5.05,5.635,"Kuruman 39",5,"KR13F019",6,181,0.003232044,1,1
"KR39M001","Male",2019-09-17,2020-03-16,5.41,5.815,"Kuruman 39",6,"KR13F019",6,181,0.002237569,1,0
"KR36M001","Male",2019-09-16,2020-03-16,7.145,7.3,"Kuruman 39",6,"KR13F019",6,182,0.000851648,1,0
"KR39M003","Male",2019-09-17,2020-03-17,2.865,4.4,"Kuruman 39",6,"KR13F019",6,182,0.008434066,1,0
"KR39M004","Male",2019-09-17,2020-03-17,2.785,4.605,"Kuruman 39",6,"KR13F019",6,182,0.01,1,0
"KR13F050","Female",2018-09-16,2019-04-12,6.135,6.185,"Kuruman 40",1,NA,1,208,0.000240385,1,1
"KR10M019","Male",2018-03-17,2018-10-16,6.58,6.755,"Kuruman 10",17,"KR10F004",3,213,0.000821596,1,1
"KR10M019","Male",2018-10-16,2019-03-13,6.755,6.86,"Kuruman 42",3,"KR1F022",6,148,0.000709459,1,0
"KR42F001","Female",2018-10-17,2019-03-13,3.315,4.735,"Kuruman 42",3,"KR1F022",6,147,0.009659864,1,0
"KR42F002","Female",2019-03-12,2019-10-06,3.905,4.825,"Kuruman 42",6,"KR1F022",7,208,0.004423077,0,1
"KR42F001","Female",2019-03-13,2019-10-06,4.735,5.25,"Kuruman 42",6,"KR1F022",7,207,0.002487923,0,1
"KR10M019","Male",2019-03-13,2019-10-09,6.86,6.855,"Kuruman 42",6,"KR1F022",7,210,-2.38e-05,0,1
"KR42F002","Female",2019-10-06,2020-03-09,4.825,5.15,"Kuruman 42",7,"KR1F022",7,155,0.002096774,1,0
"KR42F005","Female",2019-10-09,2020-03-10,4.87,5.25,"Kuruman 42",7,"KR1F022",7,153,0.00248366,1,0
"KR42M004","Male",2019-10-06,2020-03-10,4.195,4.98,"Kuruman 42",7,"KR1F022",7,156,0.005032051,1,0
"KR42M003","Male",2019-10-07,2020-03-11,4.595,5.275,"Kuruman 42",7,"KR1F022",7,156,0.004358974,1,0
"KR42F001","Female",2019-10-06,2020-03-14,5.25,5.52,"Kuruman 42",7,"KR1F022",7,160,0.0016875,1,0
"KR10M019","Male",2019-10-09,2020-03-14,6.855,6.96,"Kuruman 42",7,"KR1F022",7,157,0.00066879,1,0
"KR13M054","Male",2018-04-20,2018-11-23,7.06,7.19,"Kuruman 28",8,"KR28F001",5,217,0.000599078,1,1
"KR43F003","Female",2018-11-26,2019-03-19,3.225,4.5,"Kuruman 43",5,"KR13F038",5,113,0.011283186,1,1
"KR43M001","Male",2018-11-24,2019-03-20,3,4.645,"Kuruman 43",5,"KR13F038",5,116,0.014181034,1,1
"KR13M054","Male",2018-11-23,2019-03-21,7.19,7.345,"Kuruman 43",5,"KR13F038",5,118,0.001313559,1,1
"KR43F002","Female",2019-03-20,2019-09-16,4.755,5.715,"Kuruman 43",5,"KR13F038",7,180,0.005333333,1,0
"KR43F003","Female",2019-03-19,2019-09-16,4.5,5.145,"Kuruman 43",5,"KR13F038",7,181,0.003563536,1,0
"KR13M054","Male",2019-03-21,2019-09-17,7.345,7.29,"Kuruman 43",5,"KR13F038",7,180,-0.000305556,1,0
"KR43F003","Female",2019-09-16,2020-03-16,5.145,5.355,"Kuruman 43",7,"KR13F038",10,182,0.001153846,0,1
"KR43F002","Female",2019-09-16,2020-03-16,5.715,6.065,"Kuruman 43",7,"KR13F038",10,182,0.001923077,0,1
"KR43F004","Female",2019-09-16,2020-03-16,2.94,4.48,"Kuruman 43",7,"KR13F038",10,182,0.008461538,0,1
"KR13M054","Male",2019-09-17,2020-03-17,7.29,7.45,"Kuruman 43",7,"KR13F038",10,182,0.000879121,0,1
"KR43M005","Male",2019-09-19,2020-03-17,3.27,5.2,"Kuruman 43",7,"KR13F038",10,180,0.010722222,0,1
"KR43F006","Female",2019-09-18,2020-03-17,3.09,4.59,"Kuruman 43",7,"KR13F038",10,181,0.008287293,0,1
"KR31M003","Male",2019-09-30,2020-03-23,6.645,6.465,"Kuruman 45",2,"KR45F001",3,175,-0.001028571,1,1
"KR46F001","Female",2019-04-03,2019-10-02,5.995,6.085,"Kuruman 46",1,NA,1,182,0.000494505,1,1
"KR46F001","Female",2019-10-02,2020-05-20,6.085,6.44,"Kuruman 46",1,NA,1,231,0.001536797,1,0
"KR47F001","Female",2019-10-21,2020-03-26,5.88,6.095,"Kuruman 47",1,NA,1,157,0.001369427,1,1
"KR31F004","Female",2019-10-23,2020-03-27,6.005,6.005,"Kuruman 48",1,NA,1,156,0,1,1
"KR49M008","Male",2019-10-28,2020-05-19,5.1,5.425,"Kuruman 49",17,"KR49F016",13,204,0.001593137,1,1
"KR49F009","Female",2019-10-28,2020-05-19,4.455,4.905,"Kuruman 49",17,"KR49F016",13,204,0.002205882,1,1
"KR49M007","Male",2019-10-28,2020-05-19,5.245,5.73,"Kuruman 49",17,"KR49F016",13,204,0.002377451,1,1
"KR49M004","Male",2019-10-28,2020-05-20,4.17,5.125,"Kuruman 49",17,"KR49F016",13,205,0.004658537,1,1
"KR49M014","Female",2019-10-29,2020-05-20,4.095,5.155,"Kuruman 49",17,"KR49F016",13,204,0.005196078,1,1
"L26M001","Male",2019-10-29,2020-05-20,6.59,6.89,"Kuruman 49",17,"KR49F016",13,204,0.001470588,1,1
"KR49M011","Male",2019-10-29,2020-05-20,5.5,5.935,"Kuruman 49",17,"KR49F016",13,204,0.002132353,1,1
"KR49M001","Male",2019-10-28,2020-05-20,5.365,5.8,"Kuruman 49",17,"KR49F016",13,205,0.002121951,1,1
"KR20F009","Female",2019-03-27,2020-03-24,5.27,5.695,"Kuruman 20",17,"KR8F003",1,363,0.001170799,1,1
"KR49M010","Male",2019-10-29,2020-05-18,6,6.275,"Kuruman 49",17,"KR49F016",2,202,0.001361386,1,1
"KR7F007","Female",2013-12-05,2014-08-06,6.14,6.12,"Kuruman 7",17,"KR7F010",6,244,-8.2e-05,1,1
"KR7F012","Female",2013-12-06,2014-08-06,3.655,4.89,"Kuruman 7",17,"KR7F010",6,243,0.005082305,1,1
"KR7F006","Female",2013-12-05,2014-08-08,3.675,5.145,"Kuruman 7",17,"KR7F010",6,246,0.00597561,1,1
"KR7F015","Female",2013-12-06,2014-08-08,5.33,5.59,"Kuruman 7",17,"KR7F010",6,245,0.001061224,1,1
"KR7M014","Male",2013-12-06,2014-08-08,5.125,5.95,"Kuruman 7",17,"KR7F010",6,245,0.003367347,1,1
"KR7M016","Male",2013-12-06,2014-08-08,3.875,5.47,"Kuruman 7",17,"KR7F010",6,245,0.006510204,1,1
"KR7M016","Male",2014-08-08,2015-03-03,5.47,5.895,"Kuruman 7",6,NA,5,207,0.00205314,1,1
"KR7F006","Female",2014-08-08,2015-03-04,5.145,5.375,"Kuruman 7",6,NA,5,208,0.001105769,1,1
"KR7F007","Female",2014-08-06,2015-03-04,6.12,6.35,"Kuruman 7",6,NA,5,210,0.001095238,1,1
"KR7F012","Female",2014-08-06,2015-03-04,4.89,5.295,"Kuruman 7",6,NA,5,210,0.001928571,1,1
"KR7M014","Male",2014-08-08,2015-03-04,5.95,6.195,"Kuruman 7",6,NA,5,208,0.001177885,1,1
"KR7F007","Female",2015-03-04,2016-02-16,6.35,6.48,"Kuruman 7",5,NA,2,349,0.000372493,1,1
"KR7F012","Female",2015-03-04,2016-02-17,5.295,6.07,"Kuruman 7",5,NA,2,350,0.002214286,1,1
"KR7F007","Female",2016-02-16,2016-09-05,6.48,6.42,"Kuruman 7",2,NA,1,202,-0.00029703,1,1
"KR7F007","Female",2016-09-05,2017-02-07,6.42,6.47,"Kuruman 7",1,NA,1,155,0.000322581,1,1
"KR7F007","Female",2017-02-07,2017-08-14,6.47,6.345,"Kuruman 7",1,NA,1,188,-0.000664894,1,0
"KR27M004","Male",2018-04-20,2018-11-14,6.195,6.225,"Kuruman 7",2,"KR7F007",4,208,0.000144231,1,0
"KR7M018","Male",2018-11-14,2019-03-09,3,4.27,"Kuruman 7",4,"KR7F007",6,115,0.011043478,0,1
"KR27M004","Male",2018-11-14,2019-03-10,6.225,6.435,"Kuruman 7",4,"KR7F007",6,116,0.001810345,0,1
"KR7M018","Male",2019-03-09,2019-09-30,4.27,5.38,"Kuruman 7",6,"KR7F007",11,205,0.005414634,1,1
"KR7F020","Female",2019-03-10,2019-09-30,4.135,5.28,"Kuruman 7",6,"KR7F007",11,204,0.005612745,1,1
"KR7M021","Male",2019-03-10,2019-10-01,3.935,5.345,"Kuruman 7",6,"KR7F007",11,205,0.006878049,1,1
"KR7M022","Male",2019-09-30,2020-05-20,4.045,5.54,"Kuruman 7",11,"KR7F007",6,233,0.006416309,1,0
"KR7F020","Female",2019-09-30,2020-05-20,5.28,5.55,"Kuruman 7",11,"KR7F007",6,233,0.001158798,1,0
"KR7F023","Female",2019-10-01,2020-05-20,3.56,5.005,"Kuruman 7",11,"KR7F007",6,232,0.006228448,1,0
"KR27M004","Male",2019-10-02,2020-05-20,6.91,6.715,"Kuruman 7",11,"KR7F007",6,231,-0.000844156,1,0
"KR8F002","Female",2013-12-03,2014-08-05,5.455,5.585,"Kuruman 8",6,NA,2,245,0.000530612,1,1
"KR8F005","Female",2013-12-05,2014-08-06,5.765,5.665,"Kuruman 8",6,NA,2,244,-0.000409836,1,1
"KR8F002","Female",2014-08-05,2015-03-02,5.585,5.985,"Kuruman 8",2,NA,2,209,0.001913876,1,1
"KR8F005","Female",2014-08-06,2015-03-02,5.665,5.81,"Kuruman 8",2,NA,2,208,0.000697115,1,1
"KR13M033","Male",2016-04-12,2017-02-07,6.41,6.975,"Kuruman 13",24,"KR13F013",12,301,0.001877076,1,1
"KR10M007","Male",2016-04-26,2017-02-07,5.73,6.865,"Kuruman 10",10,"KR10F004",12,287,0.003954704,1,1
"KR8M011","Male",2017-02-06,2017-08-14,5.52,6.09,"Kuruman 8",12,"KR8F002",11,189,0.003015873,1,1
"KR8M010","Male",2017-02-07,2017-08-14,4.205,5.4,"Kuruman 8",12,"KR8F002",11,188,0.006356383,1,1
"KR8F012","Female",2017-02-08,2017-08-14,3.87,5.7,"Kuruman 8",12,"KR8F002",11,187,0.009786096,1,1
"KR8F009","Female",2017-02-06,2017-08-16,4.05,5.55,"Kuruman 8",12,"KR8F002",11,191,0.007853403,1,1
"KR8M013","Male",2017-02-08,2017-08-16,4.775,5.955,"Kuruman 8",12,"KR8F002",11,189,0.006243386,1,1
"KR7M016","Male",2018-11-07,2019-03-10,7.06,6.965,"Kuruman 8",16,NA,15,123,-0.000772358,0,0
"KR8M013","Male",2018-11-05,2019-03-10,6.86,7.085,"Kuruman 8",16,NA,15,125,0.0018,0,0
"KR8F030","Female",2019-03-10,2019-10-15,3.26,5.075,"Kuruman 8",15,"KR8F012",15,219,0.008287671,0,1
"KR8M032","Male",2019-03-10,2019-10-15,3.32,5.555,"Kuruman 8",15,"KR8F012",15,219,0.010205479,0,1
"KR8M024","Male",2019-03-10,2019-10-15,5.82,6.305,"Kuruman 8",15,"KR8F012",15,219,0.002214612,0,1
"KR8F031","Female",2019-03-10,2019-10-15,3.475,5.19,"Kuruman 8",15,"KR8F012",15,219,0.00783105,0,1
"KR7M016","Male",2019-03-10,2019-10-16,6.965,7.13,"Kuruman 8",15,"KR8F012",15,220,0.00075,0,1
"KR8F027","Female",2019-03-10,2019-10-16,4.86,5.445,"Kuruman 8",15,"KR8F012",15,220,0.002659091,0,1
"KR8M013","Male",2019-03-10,2019-10-16,7.085,7.185,"Kuruman 8",15,"KR8F012",15,220,0.000454545,0,1
"KR8M011","Male",2019-03-10,2019-10-16,6.81,6.85,"Kuruman 8",15,"KR8F012",15,220,0.000181818,0,1
"KR8F027","Female",2019-10-16,2020-04-20,5.445,5.6,"Kuruman 8",15,"KR8F012",22,187,0.000828877,1,1
"KR8M011","Male",2019-10-16,2020-04-20,6.85,6.95,"Kuruman 8",15,"KR8F012",22,187,0.000534759,1,1
"KR8M034","Male",2019-10-16,2020-04-20,4.25,5.5,"Kuruman 8",15,"KR8F012",22,187,0.006684492,1,1
"KR8M035","Male",2019-10-16,2020-04-20,4.69,5.685,"Kuruman 8",15,"KR8F012",22,187,0.005320856,1,1
"KR8F030","Female",2019-10-15,2020-04-20,5.075,5.78,"Kuruman 8",15,"KR8F012",22,188,0.00375,1,1
"KR8M024","Male",2019-10-15,2020-04-20,6.305,6.52,"Kuruman 8",15,"KR8F012",22,188,0.001143617,1,1
"KR8F036","Female",2019-10-16,2020-04-20,3.49,5.275,"Kuruman 8",15,"KR8F012",22,187,0.009545455,1,1
"KR8F038","Female",2019-10-17,2020-04-20,3.575,5.13,"Kuruman 8",15,"KR8F012",22,186,0.008360215,1,1
"KR7M016","Male",2019-10-16,2020-04-20,7.13,6.9,"Kuruman 8",15,"KR8F012",22,187,-0.001229947,1,1
"KR8M037","Male",2019-10-16,2020-04-20,3.39,4.96,"Kuruman 8",15,"KR8F012",22,187,0.008395722,1,1
"KR8F033","Female",2019-10-16,2020-04-21,4.65,5.715,"Kuruman 8",15,"KR8F012",22,188,0.005664894,1,1
"KR8M032","Male",2019-10-15,2020-04-21,5.555,6.3,"Kuruman 8",15,"KR8F012",22,189,0.003941799,1,1
"KR8F031","Female",2019-10-15,2020-04-21,5.19,5.35,"Kuruman 8",15,"KR8F012",22,189,0.000846561,1,1
"KR8M013","Male",2019-10-16,2020-04-21,7.185,7.33,"Kuruman 8",15,"KR8F012",22,188,0.000771277,1,1
"L10M001","Male",2016-09-22,2017-06-21,6.34,6.67,"Lonely 10",3,"L10F003",8,272,0.001213235,0,1
"L10F002","Female",2016-09-22,2017-06-21,2.64,4.985,"Lonely 10",3,"L10F003",8,272,0.008621324,0,1
"L11F014","Female",2013-09-24,2014-03-02,5.85,5.905,"Lonely 11",25,"L11F025",16,159,0.000345912,1,1
"L11F004","Female",2013-09-23,2014-03-02,4.97,5.39,"Lonely 11",25,"L11F025",16,160,0.002625,1,1
"L11F016","Female",2013-09-24,2014-03-02,5.585,5.645,"Lonely 11",25,"L11F025",16,159,0.000377358,1,1
"L11M023","Male",2013-09-25,2014-03-02,4.605,5.41,"Lonely 11",25,"L11F025",16,158,0.005094937,1,1
"L11F024","Female",2013-09-25,2014-03-02,5.02,5.36,"Lonely 11",25,"L11F025",16,158,0.002151899,1,1
"L11F019","Female",2013-09-24,2014-03-02,4.93,5.33,"Lonely 11",25,"L11F025",16,159,0.002515723,1,1
"L11M013","Male",2013-09-24,2014-03-03,6.55,6.47,"Lonely 11",25,"L11F025",16,160,-5e-04,1,1
"L11M001","Male",2013-09-23,2014-03-03,6.11,6.44,"Lonely 11",25,"L11F025",16,161,0.002049689,1,1
"L11M002","Male",2013-09-23,2014-03-03,6.625,6.605,"Lonely 11",25,"L11F025",16,161,-0.000124224,1,1
"L11M008","Male",2013-09-23,2014-03-03,3.74,5.16,"Lonely 11",25,"L11F025",16,161,0.008819876,1,1
"L11M022","Male",2013-09-24,2014-03-03,5.775,6.11,"Lonely 11",25,"L11F025",16,160,0.00209375,1,1
"L11F009","Female",2013-09-23,2014-03-03,5.175,5.375,"Lonely 11",25,"L11F025",16,161,0.001242236,1,1
"L11F003","Female",2013-09-23,2014-03-04,5.69,6.03,"Lonely 11",25,"L11F025",16,162,0.002098765,1,1
"L11M010","Male",2013-09-24,2014-03-05,5.28,5.79,"Lonely 11",25,"L11F025",16,162,0.003148148,1,1
"L11F004","Female",2014-03-02,2014-09-17,5.39,5.62,"Lonely 11",16,NA,9,199,0.001155779,1,1
"L11M023","Male",2014-03-02,2014-09-17,5.41,5.76,"Lonely 11",16,NA,9,199,0.001758794,1,1
"L11F016","Female",2014-03-02,2014-09-18,5.645,5.975,"Lonely 11",16,NA,9,200,0.00165,1,1
"L11M008","Male",2014-03-03,2014-09-18,5.16,5.755,"Lonely 11",16,NA,9,199,0.00298995,1,1
"L11F024","Female",2014-03-02,2014-09-19,5.36,5.62,"Lonely 11",16,NA,9,201,0.001293532,1,1
"L11F019","Female",2014-03-02,2014-09-20,5.33,5.795,"Lonely 11",16,NA,9,202,0.00230198,1,1
"L11F003","Female",2014-03-04,2014-09-21,6.03,6.23,"Lonely 11",16,NA,9,201,0.000995025,1,1
"L11F004","Female",2014-09-17,2015-03-23,5.62,5.945,"Lonely 11",9,NA,8,187,0.001737968,1,1
"L11F019","Female",2014-09-20,2015-03-23,5.795,6.035,"Lonely 11",9,NA,8,184,0.001304348,1,1
"L11M008","Male",2014-09-18,2015-03-23,5.755,6.435,"Lonely 11",9,NA,8,186,0.003655914,1,1
"L11M023","Male",2014-09-17,2015-03-24,5.76,6.24,"Lonely 11",9,NA,8,188,0.002553191,1,1
"L13F006","Female",2013-09-30,2014-03-01,5.61,5.79,"Lonely 13",12,"L13F009",10,152,0.001184211,1,1
"L13M007","Male",2013-09-30,2014-03-01,5.6,6.21,"Lonely 13",12,"L13F009",10,152,0.004013158,1,1
"L13F001","Female",2013-09-29,2014-03-02,5.17,5.72,"Lonely 13",12,"L13F009",10,154,0.003571429,1,1
"L13M003","Male",2013-09-29,2014-03-02,5.415,6.055,"Lonely 13",12,"L13F009",10,154,0.004155844,1,1
"L13M012","Male",2013-10-02,2014-03-02,5.185,5.9,"Lonely 13",12,"L13F009",10,151,0.004735099,1,1
"L13F008","Female",2013-10-01,2014-03-03,5.17,5.715,"Lonely 13",12,"L13F009",10,153,0.003562092,1,1
"KR1M010","Male",2013-11-19,2014-09-16,6.29,6.6,"Kuruman 1",18,"KR1F007",8,301,0.0010299,1,1
"L13F014","Female",2014-03-02,2014-09-16,2.84,4.745,"Lonely 13",10,"L13F009",8,198,0.009621212,1,1
"L13F014","Female",2014-09-16,2015-03-26,4.745,5.27,"Lonely 13",8,"L13F008",8,191,0.002748691,1,1
"L13M016","Male",2014-09-16,2015-03-26,5.14,6.006666667,"Lonely 13",8,"L13F008",8,191,0.004537522,1,1
"KR1M010","Male",2014-09-16,2015-03-27,6.6,6.586666667,"Lonely 13",8,"L13F008",8,192,-6.94e-05,1,1
"L13F020","Female",2015-03-27,2016-02-23,2.935,5.18,"Lonely 13",8,"L13F008",12,333,0.006741742,1,0
"L13M023","Male",2015-03-27,2016-02-23,2.95,5.26,"Lonely 13",8,"L13F008",12,333,0.006936937,1,0
"L13M022","Male",2015-03-27,2016-02-23,3.18,5.34,"Lonely 13",8,"L13F008",12,333,0.006486486,1,0
"L13F021","Female",2015-03-27,2016-02-23,2.995,5,"Lonely 13",8,"L13F008",12,333,0.006021021,1,0
"KR1M010","Male",2015-03-27,2016-02-23,6.586666667,6.64,"Lonely 13",8,"L13F008",12,333,0.00016016,1,0
"L13M028","Male",2016-02-24,2016-09-10,2.97,4.87,"Lonely 13",12,"L13F008",8,199,0.009547739,0,1
"L13F029","Female",2016-02-24,2016-09-10,3.19,4.905,"Lonely 13",12,"L13F008",8,199,0.00861809,0,1
"KR1M010","Male",2016-02-23,2016-09-10,6.64,6.81,"Lonely 13",12,"L13F008",8,200,0.00085,0,1
"L13M031","Male",2016-09-10,2017-06-05,4.55,5.455,"Lonely 13",8,"L13F008",10,268,0.003376866,1,1
"L13F029","Female",2016-09-10,2017-06-05,4.905,5.345,"Lonely 13",8,"L13F008",10,268,0.001641791,1,1
"L13M028","Male",2016-09-10,2017-06-05,4.87,5.92,"Lonely 13",8,"L13F008",10,268,0.00391791,1,1
"L13F033","Female",2016-09-10,2017-06-05,3.335,5.02,"Lonely 13",8,"L13F008",10,268,0.006287313,1,1
"KR1M010","Male",2016-09-10,2017-06-06,6.81,6.67,"Lonely 13",8,"L13F008",10,269,-0.000520446,1,1
"L13F032","Female",2016-09-10,2017-06-06,3.47,4.93,"Lonely 13",8,"L13F008",10,269,0.005427509,1,1
"L13F030","Female",2016-09-10,2017-06-06,3.33,4.875,"Lonely 13",8,"L13F008",10,269,0.005743494,1,1
"L14F009","Female",2014-03-03,2014-09-16,3.81,5.195,"Lonely 14",13,"L14F011",8,197,0.007030457,1,1
"L14F006","Female",2014-03-03,2014-09-16,5.2,5.46,"Lonely 14",13,"L14F011",8,197,0.001319797,1,1
"L14M001","Male",2014-03-02,2014-09-16,5.195,5.685,"Lonely 14",13,"L14F011",8,198,0.002474747,1,1
"L14M002","Male",2014-03-02,2014-09-16,3.685,5.195,"Lonely 14",13,"L14F011",8,198,0.007626263,1,1
"L14F004","Female",2014-03-03,2014-09-17,5.145,5.505,"Lonely 14",13,"L14F011",8,198,0.001818182,1,1
"L14M005","Male",2014-03-02,2014-09-17,4.655,5.25,"Lonely 14",13,"L14F011",8,199,0.00298995,1,1
"L14M012","Male",2014-03-03,2014-09-17,3.375,5,"Lonely 14",13,"L14F011",8,198,0.008207071,1,1
"L11M001","Male",2014-03-03,2015-01-29,6.44,6.696666667,"Lonely 11",16,NA,8,332,0.000773092,1,1
"L14F009","Female",2014-09-16,2015-01-29,5.195,5.616666667,"Lonely 14",8,"L14F013",8,135,0.003123457,1,1
"L14M005","Male",2014-09-17,2015-01-29,5.25,5.913333333,"Lonely 14",8,"L14F013",8,134,0.004950249,1,1
"L14M022","Male",2016-02-08,2016-09-09,4.5,5.37,"Lonely 14",12,"L14F013",9,214,0.004065421,0,1
"L14F025","Female",2016-02-11,2016-09-09,4.29,4.93,"Lonely 14",12,"L14F013",9,211,0.003033175,0,1
"L14F023","Female",2016-02-09,2016-09-09,3.925,4.5,"Lonely 14",12,"L14F013",9,213,0.002699531,0,1
"L14M026","Male",2016-02-11,2016-09-10,3.425,5,"Lonely 14",12,"L14F013",9,212,0.007429245,0,1
"L14M024","Male",2016-02-10,2016-09-10,3.18,4.73,"Lonely 14",12,"L14F013",9,213,0.007276995,0,1
"L14M028","Male",2016-09-10,2017-05-30,3.92,5.61,"Lonely 14",9,"L14F013",13,262,0.006450382,1,1
"L14M024","Male",2016-09-10,2017-05-30,4.73,5.54,"Lonely 14",9,"L14F013",13,262,0.003091603,1,1
"L14M026","Male",2016-09-10,2017-05-30,5,6.175,"Lonely 14",9,"L14F013",13,262,0.004484733,1,1
"L14F025","Female",2016-09-09,2017-05-30,4.93,5.215,"Lonely 14",9,"L14F013",13,263,0.00108365,1,1
"L14F023","Female",2016-09-09,2017-05-30,4.5,4.635,"Lonely 14",9,"L14F013",13,263,0.000513308,1,1
"L11M001","Male",2016-09-10,2017-05-30,6.95,7.125,"Lonely 14",9,"L14F013",13,262,0.000667939,1,1
"L14M027","Male",2016-09-09,2017-05-31,5.1,6.18,"Lonely 14",9,"L14F013",13,264,0.004090909,1,1
"L14M022","Male",2016-09-09,2017-05-31,5.37,6.27,"Lonely 14",9,"L14F013",13,264,0.003409091,1,1
"L15M001","Male",2014-03-07,2014-10-09,5.825,5.855,"Lonely 15",2,"L15F002",3,216,0.000138889,1,1
"L15M001","Male",2014-10-09,2015-03-23,5.855,5.995,"Lonely 15",3,"L15F002",3,165,0.000848485,1,1
"L15F003","Female",2014-10-10,2015-03-23,1.845,4.2,"Lonely 15",3,"L15F002",3,164,0.014359756,1,1
"L15F003","Female",2015-03-23,2016-02-26,4.2,5.1,"Lonely 15",3,"L15F002",7,340,0.002647059,1,1
"L13M016","Male",2015-03-26,2016-02-27,6.006666667,6.315,"Lonely 13",8,"L13F008",7,338,0.000912229,1,1
"L15F006","Female",2016-02-27,2016-09-09,3.53,4.395,"Lonely 15",7,"L15F002",8,195,0.004435897,1,1
"L15M007","Male",2016-02-27,2016-09-09,3.16,4.43,"Lonely 15",7,"L15F002",8,195,0.006512821,1,1
"L15M004","Male",2016-02-26,2016-09-09,3.12,4.515,"Lonely 15",7,"L15F002",8,196,0.007117347,1,1
"L15F005","Female",2016-02-25,2016-09-09,3.22,4.42,"Lonely 15",7,"L15F002",8,197,0.006091371,1,1
"L13M016","Male",2016-02-27,2016-09-09,6.315,6.51,"Lonely 15",7,"L15F002",8,195,0.001,1,1
"L15F009","Female",2016-09-09,2017-06-05,3.72,4.81,"Lonely 15",8,"L15F002",10,269,0.004052045,1,1
"L15M004","Male",2016-09-09,2017-06-05,4.515,5.55,"Lonely 15",8,"L15F002",10,269,0.003847584,1,1
"L15F005","Female",2016-09-09,2017-06-05,4.42,5.09,"Lonely 15",8,"L15F002",10,269,0.002490706,1,1
"L15M007","Male",2016-09-09,2017-06-05,4.43,5.295,"Lonely 15",8,"L15F002",10,269,0.003215613,1,1
"L15F006","Female",2016-09-09,2017-06-05,4.395,4.895,"Lonely 15",8,"L15F002",10,269,0.001858736,1,1
"L15F008","Female",2016-09-09,2017-06-05,3.61,4.695,"Lonely 15",8,"L15F002",10,269,0.004033457,1,1
"L13M016","Male",2016-09-09,2017-06-05,6.51,6.435,"Lonely 15",8,"L15F002",10,269,-0.00027881,1,1
"L13M003","Male",2014-03-02,2014-10-10,6.055,6.07,"Lonely 13",10,"L13F009",8,222,6.76e-05,1,1
"L16M002","Male",2014-03-13,2014-10-11,5.245,5.92,"Lonely 16",2,"L16F001",8,212,0.003183962,1,1
"L16M012","Male",2016-09-17,2017-06-27,2.58,5.12,"Lonely 16",9,"L16F001",12,283,0.008975265,1,1
"L16M011","Male",2016-09-16,2017-06-27,2.93,5.185,"Lonely 16",9,"L16F001",12,284,0.007940141,1,1
"L16F008","Female",2016-09-16,2017-06-27,4.12,5.23,"Lonely 16",9,"L16F001",12,284,0.003908451,1,1
"L13M003","Male",2016-09-17,2017-06-28,6.81,6.675,"Lonely 16",9,"L16F001",12,284,-0.000475352,1,1
"L16M014","Male",2016-09-17,2017-06-28,4.48,5.62,"Lonely 16",9,"L16F001",12,284,0.004014085,1,1
"L16F013","Female",2016-09-17,2017-06-28,2.71,4.885,"Lonely 16",9,"L16F001",12,284,0.007658451,1,1
"L16F009","Female",2016-09-16,2017-06-28,4.32,5.22,"Lonely 16",9,"L16F001",12,285,0.003157895,1,1
"L11M022","Male",2014-03-03,2014-06-23,6.11,6.13,"Lonely 11",16,NA,2,112,0.000178571,1,1
"L11M022","Male",2014-06-23,2015-03-08,6.13,6.475,"Lonely 17",2,NA,1,258,0.001337209,1,1
"L18F004","Female",2014-03-14,2014-09-30,5.375,5.285,"Lonely 18",14,"L18F002",9,200,-0.00045,1,1
"L18F007","Female",2014-03-14,2014-09-30,4.87,5.08,"Lonely 18",14,"L18F002",9,200,0.00105,1,1
"L18F010","Female",2014-03-15,2014-09-30,4.99,5.1,"Lonely 18",14,"L18F002",9,199,0.000552764,1,1
"L18M001","Male",2014-03-13,2014-09-30,5.53,5.855,"Lonely 18",14,"L18F002",9,201,0.001616915,1,1
"L18F008","Female",2014-03-14,2014-10-01,4.64,4.865,"Lonely 18",14,"L18F002",9,201,0.001119403,1,1
"L18F009","Female",2014-03-15,2014-10-01,4.915,5.005,"Lonely 18",14,"L18F002",9,200,0.00045,1,1
"L18M012","Male",2014-03-16,2014-10-01,4.515,5.055,"Lonely 18",14,"L18F002",9,199,0.002713568,1,1
"L18F008","Female",2016-03-04,2016-09-16,5.24,5.37,"Lonely 18",5,"L18F002",3,196,0.000663265,1,1
"L18F008","Female",2016-09-16,2017-06-27,5.37,5.215,"Lonely 18",3,"L18F002",7,284,-0.000545775,1,1
"L18M015","Male",2016-09-17,2017-06-27,5.79,5.67,"Lonely 18",3,"L18F002",7,283,-0.000424028,1,1
"L13F020","Female",2016-02-23,2016-10-06,5.18,5.265,"Lonely 13",12,"L13F008",1,226,0.000376106,0,1
"L20M009","Male",2016-10-08,2017-07-20,3.665,5.39,"Lonely 20",11,"L20F010",10,285,0.006052632,1,0
"L20M007","Male",2016-10-07,2017-07-20,3.61,5.295,"Lonely 20",11,"L20F010",10,286,0.005891608,1,0
"L20F005","Female",2016-10-07,2017-07-20,4.72,5.275,"Lonely 20",11,"L20F010",10,286,0.001940559,1,0
"L20M008","Male",2016-10-07,2017-07-21,3.67,5.38,"Lonely 20",11,"L20F010",10,287,0.005958188,1,0
"L20F001","Female",2016-10-06,2017-07-21,4.965,5.26,"Lonely 20",11,"L20F010",10,288,0.001024306,1,0
"L25M002","Male",2016-09-22,2017-06-21,6.01,6.31,"Lonely 25",3,"L16F007",6,272,0.001102941,0,1
"L25M001","Male",2016-09-22,2017-06-21,5.505,6.19,"Lonely 25",3,"L16F007",6,272,0.002518382,0,1
"L26M006","Male",2016-10-07,2017-07-14,4.61,6.305,"Lonely 26",10,"L26F007",10,280,0.006053571,1,1
"L26M009","Male",2016-10-08,2017-07-14,2.64,5.535,"Lonely 26",10,"L26F007",10,279,0.010376344,1,1
"L26F002","Female",2016-10-06,2017-07-15,4.835,5.37,"Lonely 26",10,"L26F007",10,282,0.001897163,1,1
"L26M003","Male",2016-10-06,2017-07-15,6.96,6.825,"Lonely 26",10,"L26F007",10,282,-0.000478723,1,1
"L26F010","Female",2016-10-08,2017-07-16,2.49,4.965,"Lonely 26",10,"L26F007",10,281,0.008807829,1,1
"L26F004","Female",2016-10-06,2017-07-13,5.195,5.44,"Lonely 26",10,"L26F007",1,280,0.000875,1,1
"L46F010","Female",2016-09-17,2017-07-21,5.07,5.67,"Lonely 46",10,"L46F002",1,307,0.001954397,1,1
"L11M007","Male",2013-09-23,2014-06-09,5.86,6.45,"Lonely 11",25,"L11F025",2,259,0.002277992,1,1
"L11M007","Male",2014-06-09,2014-12-10,6.45,6.78,"Lonely 38",2,"L38F001",5,184,0.001793478,1,1
"L40M010","Male",2016-09-22,2017-06-21,5.775,6.435,"Lonely 40",10,"L40F006",12,272,0.002426471,0,1
"L40F014","Female",2016-09-23,2017-06-21,4.25,5.535,"Lonely 40",10,"L40F006",12,271,0.004741697,0,1
"L40F013","Female",2016-09-23,2017-06-21,5.61,5.94,"Lonely 40",10,"L40F006",12,271,0.001217712,0,1
"L40M007","Male",2016-09-22,2017-06-21,4.44,5.795,"Lonely 40",10,"L40F006",12,272,0.004981618,0,1
"L40M008","Male",2016-09-22,2017-06-21,6.06,6.54,"Lonely 40",10,"L40F006",12,272,0.001764706,0,1
"L40M011","Male",2016-09-22,2017-06-21,2.66,5.355,"Lonely 40",10,"L40F006",12,272,0.009908088,0,1
"L43M002","Male",2016-09-23,2017-06-22,6.825,6.775,"Lonely 40",10,"L40F006",12,272,-0.000183824,0,1
"L45F001","Female",2014-04-01,2014-09-30,6.03,6.035,"Lonely 45",1,NA,1,182,2.75e-05,1,1
"L46F011","Female",2016-03-01,2016-09-16,3.77,4.71,"Lonely 46",10,"L46F002",10,199,0.004723618,1,1
"L46M001","Male",2016-03-03,2016-09-16,6.53,6.51,"Lonely 46",10,"L46F002",10,197,-0.000101523,1,1
"L46F014","Female",2016-03-02,2016-09-16,4.625,4.965,"Lonely 46",10,"L46F002",10,198,0.001717172,1,1
"L46F012","Female",2016-03-01,2016-09-16,4.44,4.94,"Lonely 46",10,"L46F002",10,199,0.002512563,1,1
"L46F010","Female",2016-02-29,2016-09-17,3.97,5.07,"Lonely 46",10,"L46F002",10,201,0.005472637,1,1
"L46M018","Male",2016-09-16,2017-06-27,4.35,5.59,"Lonely 46",10,"L46F002",12,284,0.004366197,1,0
"L46F017","Female",2016-09-16,2017-06-27,4.33,4.91,"Lonely 46",10,"L46F002",12,284,0.002042254,1,0
"L46M016","Male",2016-09-16,2017-06-27,4.19,5.45,"Lonely 46",10,"L46F002",12,284,0.00443662,1,0
"L46F011","Female",2016-09-16,2017-06-27,4.71,5.245,"Lonely 46",10,"L46F002",12,284,0.001883803,1,0
"L46M001","Male",2016-09-16,2017-06-28,6.51,6.64,"Lonely 46",10,"L46F002",12,285,0.00045614,1,0
"L46M019","Male",2016-09-16,2017-06-28,3.32,5.355,"Lonely 46",10,"L46F002",12,285,0.007140351,1,0
"L47F001","Female",2014-06-26,2015-03-13,7.17,7.165,"Lonely 47",1,NA,1,260,-1.92e-05,1,1
"L14M010","Male",2016-09-23,2017-06-21,6.7,6.745,"Lonely 48",6,"L48F001",11,271,0.000166052,1,1
"L48M002","Male",2016-09-22,2017-06-22,4.095,5.865,"Lonely 48",6,"L48F001",11,273,0.006483516,1,1
"L48M003","Male",2016-09-22,2017-06-22,4.99,6.625,"Lonely 48",6,"L48F001",11,273,0.005989011,1,1
"L48M004","Male",2016-09-22,2017-06-22,4.96,5.77,"Lonely 48",6,"L48F001",11,273,0.002967033,1,1
"L48M005","Male",2016-09-23,2017-06-23,3.86,5.645,"Lonely 48",6,"L48F001",11,273,0.006538462,1,1
"L54F001","Female",2014-09-30,2015-03-27,6.035,6.655,"Lonely 54",1,NA,1,178,0.003483146,1,1
"L54F001","Female",2015-03-27,2016-03-02,6.655,6.755,"Lonely 54",1,NA,1,341,0.000293255,1,1
"L13F015","Female",2014-09-17,2015-01-29,4.79,4.89,"Lonely 13",8,"L13F008",1,134,0.000746269,1,1
"L14F004","Female",2014-09-17,2015-01-29,5.505,5.71,"Lonely 14",8,"L14F013",2,134,0.001529851,1,1
"L14M002","Male",2014-09-16,2015-01-31,5.195,5.475,"Lonely 14",8,"L14F013",2,137,0.002043796,1,1
"L62F002","Female",2016-02-09,2016-09-09,2.945,4.74,"Lonely 62",6,"L14F004",6,213,0.00842723,1,1
"L62F001","Female",2016-02-09,2016-09-09,4.185,4.79,"Lonely 62",6,"L14F004",6,213,0.002840376,1,1
"L62M003","Male",2016-02-10,2016-09-10,3.095,4.82,"Lonely 62",6,"L14F004",6,213,0.008098592,1,1
"L62M004","Female",2016-02-10,2016-09-10,3.025,4.84,"Lonely 62",6,"L14F004",6,213,0.008521127,1,1
"L14M002","Male",2016-02-09,2016-09-10,6.515,6.51,"Lonely 62",6,"L14F004",6,214,-2.34e-05,1,1
"L14M002","Male",2016-09-10,2017-06-05,6.51,6.48,"Lonely 62",6,"L14F004",6,268,-0.00011194,1,1
"L62F002","Female",2016-09-09,2017-06-05,4.74,5.185,"Lonely 62",6,"L14F004",6,269,0.001654275,1,1
"L62M003","Male",2016-09-10,2017-06-06,4.82,5.785,"Lonely 62",6,"L14F004",6,269,0.003587361,1,1
"L14F006","Female",2014-09-16,2015-03-23,5.46,5.643333333,"Lonely 14",8,"L14F013",1,188,0.000975177,1,1
