"AnimalID","GroupID","Location","TrappingPeriod","DateofCapture","CaptureStart","GroupSize","Sex","weight","firstcapturedate","Time.days","Time.years","statecode","TeethWidth","BodyLength","weight.ln","teethwidth.ln"
"KR10F005","Kuruman 10","KRR",4,2015-10-08,"07/10/2015",5,"Female",111,"28/07/2014",437,1.196440794,"femalenonbreeder",5.555,16.65,4.70953020131233,1.71469842309159
"KR10F005","Kuruman 10","KRR",5,2016-04-26,"25/04/2016",10,"Female",113,"28/07/2014",638,1.746748802,"femalenonbreeder",5.885,16.8,4.72738781871234,1.77240674071224
"KR10F022","Kuruman 10","KRR",10,2018-10-04,"02/10/2018",16,"Female",124,"20/08/2017",410,1.122518823,"femalenonbreeder",5.9,18,4.82028156560504,1.77495235091167
"KR10F022","Kuruman 10","KRR",12,2019-09-09,"09/09/2019",19,"Female",112,"20/08/2017",750,2.05338809,"femalenonbreeder",6.22,18.1,4.71849887129509,1.82776990675109
"KR10F022","Kuruman 10","KRR",13,2020-03-09,"08/03/2020",16,"Female",130,"20/08/2017",932,2.551676934,"femalenonbreeder",5.9,17.5,4.86753445045558,1.77495235091167
"KR10F024","Kuruman 10","KRR",9,2018-03-18,"17/03/2018",17,"Female",97,"21/08/2017",209,0.572210815,"femalenonbreeder",5.285,16.25,4.57471097850338,1.6648726193222
"KR10F024","Kuruman 10","KRR",11,2019-03-13,"12/03/2019",20,"Female",111,"21/08/2017",569,1.557837098,"femalenonbreeder",6.115,16.6,4.70953020131233,1.81074476913914
"KR10F024","Kuruman 10","KRR",12,2019-09-10,"09/09/2019",19,"Female",101,"21/08/2017",750,2.05338809,"femalenonbreeder",5.885,16.65,4.61512051684126,1.77240674071224
"KR10F024","Kuruman 10","KRR",13,2020-03-09,"08/03/2020",16,"Female",120,"21/08/2017",931,2.548939083,"femalenonbreeder",6.11,16.75,4.78749174278205,1.8099267731835
"KR11F001","Kuruman 11","KRR",1,2014-04-12,"12/04/2014",1,"Female",119,"12/04/2014",0,0,"single",5.735,17.65,4.77912349311153,1.74658775058133
"KR11F001","Kuruman 11","KRR",2,2014-09-13,"13/09/2014",1,"Female",134,"12/04/2014",154,0.421629021,"single",5.82,17.59,4.89783979995091,1.76130026174335
"KR11F001","Kuruman 11","KRR",3,2015-04-08,"07/04/2015",1,"Female",137,"12/04/2014",361,0.988364134,"single",5.945,17.55,4.91998092582813,1.78255053014275
"KR11F001","Kuruman 11","KRR",4,2015-10-07,"07/10/2015",1,"Female",135,"12/04/2014",543,1.486652977,"single",6.085,17.85,4.90527477843843,1.80582672643949
"KR11F001","Kuruman 11","KRR",5,2016-05-04,"02/05/2016",1,"Female",142,"12/04/2014",753,2.061601643,"single",5.88,17.4,4.95582705760126,1.77155676191054
"KR11F002","Kuruman 11","KRR",9,2018-03-18,"17/03/2018",15,"Female",119,"20/02/2017",391,1.070499658,"femalenonbreeder",5.285,17.35,4.77912349311153,1.6648726193222
"KR11F002","Kuruman 11","KRR",10,2018-10-03,"02/10/2018",16,"Female",119,"20/02/2017",590,1.615331964,"femalenonbreeder",5.52,17.9,4.77912349311153,1.708377860289
"KR11F002","Kuruman 11","KRR",11,2019-03-14,"12/03/2019",22,"Female",133,"20/02/2017",752,2.058863792,"femalenonbreeder",5.795,18.05,4.89034912822175,1.75699547679172
"KR11F003","Kuruman 11","KRR",8,2017-08-19,"19/08/2017",11,"Female",116,"21/02/2017",179,0.490075291,"femalenonbreeder",5.34,17.3,4.75359019110636,1.6752256529721
"KR11F003","Kuruman 11","KRR",9,2018-03-19,"17/03/2018",15,"Female",133,"21/02/2017",391,1.070499658,"femalenonbreeder",5.65,18.15,4.89034912822175,1.73165554515835
"KR11F006","Kuruman 11","KRR",9,2018-03-17,"17/03/2018",15,"Female",112,"22/02/2017",388,1.062286105,"femalenonbreeder",5.75,17.75,4.71849887129509,1.74919985480926
"KR11F006","Kuruman 11","KRR",11,2019-03-13,"12/03/2019",22,"Female",142,"22/02/2017",749,2.05065024,"femalenonbreeder",6.025,18.1,4.95582705760126,1.79591747937672
"KR11F006","Kuruman 11","KRR",12,2019-09-23,"23/09/2019",20,"Female",121,"22/02/2017",943,2.581793292,"femalenonbreeder",5.97,18.1,4.79579054559674,1.78674692740451
"KR11F007","Kuruman 11","KRR",9,2018-03-18,"17/03/2018",15,"Female",98,"19/08/2017",211,0.577686516,"femalenonbreeder",5.64,16.8,4.58496747867057,1.72988406550997
"KR11F007","Kuruman 11","KRR",11,2019-03-13,"12/03/2019",22,"Female",128,"19/08/2017",571,1.563312799,"femalenonbreeder",5.795,18.5,4.85203026391962,1.75699547679172
"KR11F008","Kuruman 11","KRR",10,2018-10-04,"02/10/2018",16,"Female",121,"20/08/2017",410,1.122518823,"femalenonbreeder",5.44,17.5,4.79579054559674,1.69377906086785
"KR11F008","Kuruman 11","KRR",11,2019-03-13,"12/03/2019",22,"Female",122,"20/08/2017",570,1.560574949,"femalenonbreeder",5.585,17.65,4.80402104473326,1.72008443252116
"KR11F008","Kuruman 11","KRR",12,2019-09-25,"23/09/2019",20,"Female",111,"20/08/2017",766,2.097193703,"femalenonbreeder",5.57,17.15,4.70953020131233,1.71739505393919
"KR11F008","Kuruman 11","KRR",13,2020-04-01,"30/03/2020",17,"Female",104,"20/08/2017",955,2.614647502,"femalenonbreeder",5.595,17.45,4.64439089914137,1.72187334176389
"KR11F013","Kuruman 11","KRR",11,2019-03-13,"12/03/2019",22,"Female",92,"19/03/2018",359,0.982888433,"femalenonbreeder",5.33,16.7,4.52178857704904,1.67335123817775
"KR11F013","Kuruman 11","KRR",13,2020-03-31,"30/03/2020",17,"Female",84,"19/03/2018",743,2.034223135,"femalenonbreeder",5.525,15.7,4.43081679884331,1.70928324740382
"KR11F015","Kuruman 11","KRR",11,2019-03-14,"12/03/2019",22,"Female",115,"20/03/2018",359,0.982888433,"femalenonbreeder",5.345,16.75,4.74493212836325,1.67616154447701
"KR11F015","Kuruman 11","KRR",12,2019-09-24,"23/09/2019",20,"Female",99,"20/03/2018",553,1.514031485,"femalenonbreeder",5.39,16.75,4.59511985013459,1.68454538492091
"KR11M012","Kuruman 11","KRR",11,2019-03-13,"12/03/2019",22,"Female",100,"18/03/2018",360,0.985626283,"femalenonbreeder",5.4,16.25,4.60517018598809,1.68639895357023
"KR11M012","Kuruman 11","KRR",12,2019-09-25,"23/09/2019",20,"Female",90,"18/03/2018",556,1.522245038,"femalenonbreeder",5.415,16.15,4.49980967033027,1.68917288045295
"KR11M012","Kuruman 11","KRR",13,2020-03-30,"30/03/2020",17,"Female",90,"18/03/2018",743,2.034223135,"femalenonbreeder",5.32,15.7,4.49980967033027,1.67147330335355
"KR13F002","Kuruman 13","KRR",1,2014-01-22,"22/01/2014",26,"Female",99,"22/01/2014",0,0,"femalenonbreeder",5.525,17.6,4.59511985013459,1.70928324740382
"KR13F002","Kuruman 13","KRR",2,2014-08-06,"05/08/2014",21,"Female",103,"22/01/2014",196,0.536618754,"femalenonbreeder",5.665,18.2,4.63472898822964,1.73430689447997
"KR13F002","Kuruman 13","KRR",3,2015-02-10,"10/02/2015",23,"Female",113,"22/01/2014",384,1.051334702,"femalenonbreeder",5.66,18.6,4.72738781871234,1.73342389221509
"KR13F002","Kuruman 16","KRR",5,2016-05-30,"30/05/2016",1,"Female",139,"22/01/2014",859,2.351813826,"single",6.035,19.05,4.93447393313069,1.79757585454949
"KR13F006","Kuruman 13","KRR",1,2014-01-23,"22/01/2014",26,"Female",108,"23/01/2014",0,0,"femalenonbreeder",6.075,17.15,4.68213122712422,1.80418198922661
"KR13F006","Kuruman 13","KRR",2,2014-08-06,"05/08/2014",21,"Female",105,"23/01/2014",195,0.533880903,"femalenonbreeder",6.12,17.1,4.65396035015752,1.81156209652423
"KR13F006","Kuruman 13","KRR",4,2015-09-20,"20/09/2015",22,"Female",138,"23/01/2014",605,1.656399726,"femalenonbreeder",6.575,18.6,4.92725368515721,1.88327457806383
"KR13F006","Kuruman 27","KRR",5,2016-04-13,"12/04/2016",1,"Female",128,"23/01/2014",811,2.220396988,"single",6.525,18.3,4.85203026391962,1.87564095320876
"KR13F007","Kuruman 13","KRR",1,2014-01-23,"22/01/2014",26,"Female",120,"23/01/2014",0,0,"femalenonbreeder",5.85,17.95,4.78749174278205,1.76644166124377
"KR13F016","Kuruman 13","KRR",2,2014-08-06,"05/08/2014",21,"Female",118,"24/01/2014",194,0.531143053,"femalenonbreeder",5.43,17.4,4.77068462446567,1.69193913394584
"KR13F016","Kuruman 23","KRR",4,2015-09-27,"27/09/2015",1,"Female",144,"24/01/2014",611,1.672826831,"single",5.745,18.6,4.969813299576,1.74832991130072
"KR13F016","Kuruman 23","KRR",5,2016-04-17,"17/04/2016",1,"Female",153,"24/01/2014",814,2.228610541,"single",6.035,18.45,5.03043792139244,1.79757585454949
"KR13F016","Kuruman 23","KRR",7,2017-01-17,"17/01/2017",1,"Female",156,"24/01/2014",1089,2.981519507,"single",6.035,19,5.04985600724954,1.79757585454949
"KR13F016","Kuruman 23","KRR",8,2017-08-02,"02/08/2017",1,"Female",152,"24/01/2014",1286,3.520876112,"single",5.965,19.65,5.02388052084628,1.78590905554988
"KR13F016","Kuruman 23","KRR",10,2018-09-24,"24/09/2018",1,"Female",156,"24/01/2014",1704,4.665297741,"single",5.975,19.45,5.04985600724954,1.78758409781757
"KR13F017","Kuruman 13","KRR",1,2014-01-24,"22/01/2014",26,"Female",111,"24/01/2014",0,0,"femalenonbreeder",5.725,17.6,4.70953020131233,1.7448425494403
"KR13F017","Kuruman 19","KRR",3,2015-03-30,"30/03/2015",1,"Female",125,"24/01/2014",430,1.177275838,"single",6.04,18.2,4.8283137373023,1.79840401194672
"KR13F017","Kuruman 19","KRR",4,2015-09-27,"27/09/2015",1,"Female",117,"24/01/2014",611,1.672826831,"single",5.79,17.95,4.76217393479776,1.7561322915849
"KR13F017","Kuruman 19","KRR",5,2016-03-17,"17/03/2016",1,"Female",127,"24/01/2014",783,2.143737166,"single",6.21,18.55,4.84418708645859,1.82616089594539
"KR13F018","Kuruman 13","KRR",1,2014-01-24,"22/01/2014",26,"Female",139,"24/01/2014",0,0,"femalenonbreeder",5.825,18.8,4.93447393313069,1.76215899945176
"KR13F019","Kuruman 13","KRR",2,2014-08-06,"05/08/2014",21,"Female",117,"25/01/2014",193,0.528405202,"femalenonbreeder",5.72,17.55,4.76217393479776,1.74396880539171
"KR13F019","Kuruman 13","KRR",3,2015-02-10,"10/02/2015",23,"Female",129,"25/01/2014",381,1.04312115,"femalenonbreeder",6.09,18.65,4.85981240436167,1.80664808172181
"KR13F019","Kuruman 13","KRR",4,2015-09-22,"20/09/2015",22,"Female",147,"25/01/2014",605,1.656399726,"femalenonbreeder",6.395,19.45,4.99043258677874,1.85551643503081
"KR13F020","Kuruman 13","KRR",3,2015-02-10,"10/02/2015",23,"Female",108,"25/01/2014",381,1.04312115,"femalenonbreeder",5.62,17.7,4.68213122712422,1.7263316639056
"KR13F021","Kuruman 13","KRR",2,2014-08-06,"05/08/2014",21,"Female",90,"26/01/2014",192,0.525667351,"femalenonbreeder",5.33,15.95,4.49980967033027,1.67335123817775
"KR13F021","Kuruman 30","KRR",6,2016-07-26,"26/07/2016",1,"Female",132,"26/01/2014",912,2.496919918,"single",5.805,17.95,4.88280192258637,1.75871961514985
"KR13F025","Kuruman 13","KRR",3,2015-02-11,"10/02/2015",23,"Female",88,"27/01/2014",380,1.040383299,"femalenonbreeder",5.48,16.6,4.47733681447821,1.70110510095992
"KR13F025","Kuruman 13","KRR",4,2015-09-20,"20/09/2015",22,"Female",112,"27/01/2014",601,1.645448323,"femalenonbreeder",5.74,17.5,4.71849887129509,1.74745921033147
"KR13F025","Kuruman 13","KRR",5,2016-04-12,"12/04/2016",24,"Female",111,"27/01/2014",806,2.206707734,"femalenonbreeder",5.99,17.5,4.70953020131233,1.79009141212736
"KR13F025","Kuruman 26","KRR",5,2016-05-30,"30/05/2016",1,"Female",116,"27/01/2014",854,2.338124572,"single",5.985,17.9,4.75359019110636,1.78925633900994
"KR13F028","Kuruman 13","KRR",4,2015-09-23,"20/09/2015",22,"Female",100,"08/08/2014",411,1.125256674,"femalenonbreeder",5.625,17.05,4.60517018598809,1.72722094809048
"KR13F034","Kuruman 13","KRR",5,2016-04-13,"12/04/2016",24,"Female",108,"12/02/2015",426,1.166324435,"femalenonbreeder",5.66,17.45,4.68213122712422,1.73342389221509
"KR13F035","Kuruman 13","KRR",5,2016-04-14,"12/04/2016",24,"Female",91,"12/02/2015",427,1.169062286,"femalenonbreeder",5.39,16.95,4.51085950651685,1.68454538492091
"KR13F037","Kuruman 15","KRR",6,2016-09-06,"05/09/2016",1,"Female",93,"13/02/2015",571,1.563312799,"single",5.365,16.4,4.53259949315326,1.67989637608266
"KR13F037","Kuruman 15","KRR",7,2017-03-08,"07/03/2017",1,"Female",109,"13/02/2015",754,2.064339493,"single",5.515,16.6,4.69134788222914,1.70747165270547
"KR13F037","Kuruman 15","KRR",8,2017-09-13,"12/09/2017",1,"Female",107,"13/02/2015",943,2.581793292,"single",5.505,17.3,4.67282883446191,1.70565677017464
"KR13F038","Kuruman 13","KRR",8,2017-08-15,"14/08/2017",2,"Female",156,"21/09/2015",694,1.900068446,"femalenonbreeder",6.42,19.8,5.04985600724954,1.85941811770187
"KR13F039","Kuruman 13","KRR",5,2016-04-13,"12/04/2016",24,"Female",92,"21/09/2015",205,0.561259411,"femalenonbreeder",5.615,16.5,4.52178857704904,1.72544158819041
"KR13F040","Kuruman 13","KRR",5,2016-04-12,"12/04/2016",24,"Female",98,"21/09/2015",204,0.558521561,"femalenonbreeder",5.575,16.8,4.58496747867057,1.71829231734618
"KR13F040","Kuruman 35","KRR",7,2017-05-02,"02/05/2017",1,"Female",111,"21/09/2015",589,1.612594114,"single",5.875,18,4.70953020131233,1.77070606003022
"KR13F040","Kuruman 35","KRR",8,2017-10-09,"09/10/2017",1,"Female",117,"21/09/2015",749,2.05065024,"single",5.975,18.3,4.76217393479776,1.78758409781757
"KR13F040","Kuruman 35","KRR",9,2018-03-23,"23/03/2018",1,"Female",121,"21/09/2015",914,2.502395619,"single",6.025,18.15,4.79579054559674,1.79591747937672
"KR13F040","Kuruman 35","KRR",10,2018-10-15,"15/10/2018",1,"Female",119,"21/09/2015",1120,3.066392882,"single",5.72,18.6,4.77912349311153,1.74396880539171
"KR13F042","Kuruman 13","KRR",5,2016-04-13,"12/04/2016",24,"Female",83,"22/09/2015",204,0.558521561,"femalenonbreeder",5.29,16.15,4.4188406077966,1.66581824587021
"KR13F050","Kuruman 13","KRR",7,2017-01-24,"23/01/2017",13,"Female",100,"14/04/2016",285,0.780287474,"femalenonbreeder",5.485,16.85,4.60517018598809,1.70201709372719
"KR13F050","Kuruman 40","KRR",10,2018-09-16,"15/09/2018",1,"Female",125,"14/04/2016",885,2.422997947,"single",6.135,17.95,4.8283137373023,1.81401007816287
"KR13F050","Kuruman 40","KRR",11,2019-04-12,"12/04/2019",1,"Female",137,"14/04/2016",1093,2.99247091,"single",6.185,18.35,4.91998092582813,1.82212700584445
"KR13F053","Kuruman 29","KRR",10,2018-09-15,"15/09/2018",1,"Female",132,"24/01/2017",599,1.639972621,"single",6.135,18.15,4.88280192258637,1.81401007816287
"KR13F053","Kuruman 29","KRR",12,2019-10-14,"14/10/2019",1,"Female",135,"24/01/2017",993,2.718685832,"single",6.215,18.2,4.90527477843843,1.82696572496267
"KR13F053","Kuruman 29","KRR",13,2020-04-06,"06/04/2020",1,"Female",132,"24/01/2017",1168,3.197809719,"single",6.3,18.35,4.88280192258637,1.84054963339749
"KR13F055","Kuruman 13","KRR",8,2017-08-16,"14/08/2017",2,"Female",103,"24/01/2017",204,0.558521561,"femalenonbreeder",5.77,17.6,4.63472898822964,1.75267208052001
"KR13F058","Kuruman 39","KRR",11,2019-03-20,"19/03/2019",5,"Female",104,"06/04/2018",348,0.952772074,"femalenonbreeder",5.38,16.85,4.64439089914137,1.68268837417369
"KR19F007","Kuruman 19","KRR",11,2019-03-25,"25/03/2019",9,"Female",88,"23/05/2018",306,0.837782341,"femalenonbreeder",5.34,15.65,4.47733681447821,1.6752256529721
"KR19F007","Kuruman 19","KRR",12,2019-11-15,"15/11/2019",12,"Female",89,"23/05/2018",541,1.481177276,"femalenonbreeder",5.385,15.9,4.48863636973214,1.68361731060835
"KR19F007","Kuruman 19","KRR",13,2020-04-28,"28/04/2020",10,"Female",86,"23/05/2018",706,1.932922656,"femalenonbreeder",5.295,15.75,4.45434729625351,1.66676297905337
"KR19F009","Kuruman 19","KRR",11,2019-03-27,"25/03/2019",9,"Female",110,"24/05/2018",307,0.840520192,"femalenonbreeder",5.325,17.25,4.70048036579242,1.67241271159549
"KR19F009","Kuruman 19","KRR",12,2019-11-18,"15/11/2019",12,"Female",113,"24/05/2018",543,1.486652977,"femalenonbreeder",5.385,18.15,4.72738781871234,1.68361731060835
"KR19F009","Kuruman 19","KRR",13,2020-04-28,"28/04/2020",10,"Female",104,"24/05/2018",705,1.930184805,"femalenonbreeder",5.54,17.5,4.64439089914137,1.71199450075919
"KR1F003","Kuruman 1","KRR",2,2014-07-28,"27/07/2014",10,"Female",88,"18/11/2013",252,0.689938398,"femalenonbreeder",5.545,16.15,4.47733681447821,1.71289662080233
"KR1F003","Kuruman 1","KRR",3,2015-02-16,"16/02/2015",10,"Female",107,"18/11/2013",455,1.245722108,"femalenonbreeder",5.74,17.2,4.67282883446191,1.74745921033147
"KR1F003","Kuruman 1","KRR",4,2015-10-15,"14/10/2015",7,"Female",146,"18/11/2013",696,1.905544148,"femalenonbreeder",6.295,18.4,4.98360662170834,1.83975566749631
"KR1F003","Kuruman 1","KRR",5,2016-04-26,"26/04/2016",9,"Female",144,"18/11/2013",890,2.436687201,"femalenonbreeder",6.605,18.55,4.969813299576,1.88782693797429
"KR1F004","Kuruman 1","KRR",1,2013-11-18,"17/11/2013",18,"Female",106,"18/11/2013",0,0,"femalenonbreeder",6.02,16.7,4.66343909411207,1.79508725932073
"KR1F005","Kuruman 1","KRR",1,2013-11-18,"17/11/2013",18,"Female",106,"18/11/2013",0,0,"femalenonbreeder",5.72,17.2,4.66343909411207,1.74396880539171
"KR1F006","Kuruman 1","KRR",1,2013-11-18,"17/11/2013",18,"Female",92,"18/11/2013",0,0,"femalenonbreeder",5.36,15.8,4.52178857704904,1.67896397508271
"KR1F006","Kuruman 1","KRR",2,2014-07-27,"27/07/2014",10,"Female",112,"18/11/2013",251,0.687200548,"femalenonbreeder",5.92,16.95,4.71849887129509,1.77833644889591
"KR1F006","Kuruman 1","KRR",3,2015-02-16,"16/02/2015",10,"Female",127,"18/11/2013",455,1.245722108,"femalenonbreeder",5.9,17.5,4.84418708645859,1.77495235091167
"KR1F006","Kuruman 1","KRR",4,2015-10-16,"14/10/2015",7,"Female",156,"18/11/2013",697,1.908281999,"femalenonbreeder",6.45,18.65,5.04985600724954,1.86408013080768
"KR1F006","Kuruman 1","KRR",5,2016-04-27,"26/04/2016",9,"Female",162,"18/11/2013",891,2.439425051,"femalenonbreeder",6.615,18.5,5.08759633523238,1.88933979756692
"KR1F006","Kuruman 1","KRR",7,2017-05-03,"03/05/2017",4,"Female",169,"18/11/2013",1262,3.455167693,"femalenonbreeder",6.84,19.15,5.12989871492307,1.92278773163446
"KR1F006","Kuruman 1","KRR",8,2017-10-09,"09/10/2017",4,"Female",165,"18/11/2013",1421,3.890485969,"femalenonbreeder",6.77,19.25,5.10594547390058,1.91250108692418
"KR1F006","Kuruman 1","KRR",9,2018-03-23,"23/03/2018",4,"Female",168,"18/11/2013",1586,4.342231348,"femalenonbreeder",6.99,19,5.12396397940326,1.94448055624572
"KR1F011","Kuruman 1","KRR",1,2013-11-20,"17/11/2013",18,"Female",125,"20/11/2013",0,0,"femalenonbreeder",5.96,17.6,4.8283137373023,1.78507048107726
"KR1F014","Kuruman 1","KRR",1,2013-11-21,"17/11/2013",18,"Female",107,"21/11/2013",0,0,"femalenonbreeder",5.4,16.45,4.67282883446191,1.68639895357023
"KR1F014","Kuruman 22","KRR",4,2015-09-27,"27/09/2015",1,"Female",144,"21/11/2013",675,1.848049281,"single",5.9,18,4.969813299576,1.77495235091167
"KR1F014","Kuruman 22","KRR",5,2016-03-17,"17/03/2016",1,"Female",142,"21/11/2013",847,2.318959617,"single",6.185,18.1,4.95582705760126,1.82212700584445
"KR1F014","Kuruman 22","KRR",7,2017-02-13,"13/02/2017",1,"Female",154,"21/11/2013",1180,3.230663929,"single",6.23,18.05,5.03695260241363,1.82937633279936
"KR1F015","Kuruman 1","KRR",2,2014-07-27,"27/07/2014",10,"Female",86,"22/11/2013",247,0.676249144,"femalenonbreeder",5.31,15.65,4.45434729625351,1.66959183525385
"KR1F015","Kuruman 1","KRR",3,2015-02-17,"16/02/2015",10,"Female",106,"22/11/2013",452,1.237508556,"femalenonbreeder",5.455,16.8,4.66343909411207,1.69653261928503
"KR1F015","Kuruman 24","KRR",4,2015-10-16,"14/10/2015",1,"Female",102,"22/11/2013",693,1.897330595,"single",5.685,16.7,4.62497281328427,1.7378311272025
"KR1F015","Kuruman 24","KRR",5,2016-05-03,"02/05/2016",1,"Female",115,"22/11/2013",893,2.444900753,"single",5.72,16.95,4.74493212836325,1.74396880539171
"KR1F018","Kuruman 1","KRR",4,2015-10-15,"14/10/2015",7,"Female",144,"27/07/2014",445,1.2183436,"femalenonbreeder",6.005,18.6,4.969813299576,1.79259245553195
"KR1F018","Kuruman 1","KRR",5,2016-04-27,"26/04/2016",9,"Female",148,"27/07/2014",640,1.752224504,"femalenonbreeder",6.19,18.8,4.99721227376411,1.8229350866965
"KR1F019","Kuruman 1","KRR",4,2015-10-15,"14/10/2015",7,"Female",127,"28/07/2014",444,1.215605749,"femalenonbreeder",5.755,17.65,4.84418708645859,1.75006904217385
"KR1F019","Kuruman 1","KRR",5,2016-04-27,"26/04/2016",9,"Female",119,"28/07/2014",639,1.749486653,"femalenonbreeder",6.12,17.7,4.77912349311153,1.81156209652423
"KR1F022","Kuruman 1","KRR",8,2017-10-09,"09/10/2017",4,"Female",112,"03/05/2017",159,0.435318275,"femalenonbreeder",5.475,17.2,4.71849887129509,1.70019227570256
"KR1F022","Kuruman 1","KRR",9,2018-03-23,"23/03/2018",4,"Female",134,"03/05/2017",324,0.887063655,"femalenonbreeder",5.96,17.4,4.89783979995091,1.78507048107726
"KR20F007","Kuruman 20","KRR",10,2018-09-23,"21/09/2018",14,"Female",104,"02/08/2017",417,1.141683778,"femalenonbreeder",5.425,17.4,4.64439089914137,1.69101789942652
"KR20F009","Kuruman 20","KRR",11,2019-03-27,"25/03/2019",17,"Female",87,"13/05/2018",318,0.87063655,"femalenonbreeder",5.27,15.45,4.46590811865458,1.66203036255327
"KR20F009","Kuruman 51","KRR",13,2020-03-24,"23/03/2020",1,"Female",112,"13/05/2018",681,1.864476386,"single",5.695,17.25,4.71849887129509,1.73958859689915
"KR20F011","Kuruman 20","KRR",11,2019-03-26,"25/03/2019",17,"Female",115,"12/05/2018",318,0.87063655,"femalenonbreeder",5.545,17.05,4.74493212836325,1.71289662080233
"KR20F012","Kuruman 20","KRR",10,2018-09-23,"21/09/2018",14,"Female",84,"12/05/2018",134,0.366872005,"femalenonbreeder",5.265,15.85,4.43081679884331,1.66108114558594
"KR20F012","Kuruman 20","KRR",11,2019-03-25,"25/03/2019",17,"Female",93,"12/05/2018",317,0.8678987,"femalenonbreeder",5.44,16.4,4.53259949315326,1.69377906086785
"KR20F012","Kuruman 20","KRR",13,2020-04-06,"06/04/2020",19,"Female",124,"12/05/2018",695,1.902806297,"femalenonbreeder",5.935,17.75,4.82028156560504,1.78086702806163
"KR20F013","Kuruman 20","KRR",10,2018-09-21,"21/09/2018",14,"Female",78,"09/05/2018",135,0.369609856,"femalenonbreeder",5.38,16.3,4.35670882668959,1.68268837417369
"KR20F013","Kuruman 20","KRR",11,2019-03-26,"25/03/2019",17,"Female",100,"09/05/2018",321,0.878850103,"femalenonbreeder",5.755,16.75,4.60517018598809,1.75006904217385
"KR20F015","Kuruman 20","KRR",13,2020-04-07,"06/04/2020",19,"Female",105,"26/03/2019",378,1.034907598,"femalenonbreeder",5.37,16.5,4.65396035015752,1.68082790852077
"KR20F018","Kuruman 20","KRR",13,2020-04-06,"06/04/2020",19,"Female",105,"28/03/2019",375,1.026694045,"femalenonbreeder",5.64,16.3,4.65396035015752,1.72988406550997
"KR20F022","Kuruman 20","KRR",13,2020-04-07,"06/04/2020",19,"Female",87,"07/04/2020",0,0,"femalenonbreeder",5.31,16,4.46590811865458,1.66959183525385
"KR21F001","Kuruman 21","KRR",3,2015-02-27,"27/02/2015",1,"Female",104,"27/02/2015",0,0,"single",6.195,17.4,4.64439089914137,1.82374251508111
"KR21F001","Kuruman 21","KRR",4,2015-10-11,"11/10/2015",1,"Female",109,"27/02/2015",226,0.618754278,"single",6.015,17.5,4.69134788222914,1.79425634942664
"KR21F001","Kuruman 21","KRR",5,2016-04-17,"17/04/2016",1,"Female",108,"27/02/2015",415,1.136208077,"single",5.945,17.1,4.68213122712422,1.78255053014275
"KR21F001","Kuruman 21","KRR",7,2017-01-16,"16/01/2017",1,"Female",115,"27/02/2015",689,1.886379192,"single",6.165,17.5,4.74493212836325,1.81888813661631
"KR21F001","Kuruman 21","KRR",8,2017-07-31,"31/07/2017",1,"Female",113,"27/02/2015",885,2.422997947,"single",5.95,17.95,4.72738781871234,1.78339121955754
"KR21F001","Kuruman 21","KRR",9,2018-04-25,"25/04/2018",1,"Female",113,"27/02/2015",1153,3.156741958,"single",6.19,17.4,4.72738781871234,1.8229350866965
"KR21F001","Kuruman 21","KRR",10,2018-10-01,"30/09/2018",1,"Female",106,"27/02/2015",1312,3.592060233,"single",5.865,17.45,4.66343909411207,1.76900248210544
"KR21F001","Kuruman 21","KRR",11,2019-03-21,"21/03/2019",1,"Female",102,"27/02/2015",1483,4.060232717,"single",5.95,17.5,4.62497281328427,1.78339121955754
"KR21F001","Kuruman 21","KRR",13,2020-03-06,"05/03/2020",1,"Female",108,"27/02/2015",1834,5.021218344,"single",6.135,17.1,4.68213122712422,1.81401007816287
"KR24F002","Kuruman 24","KRR",9,2018-03-25,"24/03/2018",4,"Female",103,"25/03/2018",0,0,"femalenonbreeder",5.62,17.05,4.63472898822964,1.7263316639056
"KR24F002","Kuruman 24","KRR",12,2019-09-23,"23/09/2019",3,"Female",105,"25/03/2018",547,1.497604381,"femalenonbreeder",5.98,17.8,4.65396035015752,1.78842056796254
"KR24F002","Kuruman 24","KRR",13,2020-03-30,"30/03/2020",3,"Female",123,"25/03/2018",736,2.015058179,"femalenonbreeder",6.065,18.05,4.81218435537242,1.80253454239601
"KR26F011","Kuruman 26","KRR",12,2019-10-17,"17/10/2019",13,"Female",108,"30/03/2018",566,1.549623546,"femalenonbreeder",5.56,17.35,4.68213122712422,1.71559810826249
"KR26F011","Kuruman 26","KRR",13,2020-05-04,"04/05/2020",11,"Female",116,"30/03/2018",766,2.097193703,"femalenonbreeder",5.465,17.35,4.75359019110636,1.6983641216285
"KR26F013","Kuruman 26","KRR",12,2019-10-17,"17/10/2019",13,"Female",118,"31/03/2018",565,1.546885695,"femalenonbreeder",5.685,18.45,4.77068462446567,1.7378311272025
"KR26F013","Kuruman 26","KRR",13,2020-05-04,"04/05/2020",11,"Female",135,"31/03/2018",765,2.094455852,"femalenonbreeder",6.015,18.6,4.90527477843843,1.79425634942664
"KR26F022","Kuruman 26","KRR",13,2020-05-04,"04/05/2020",11,"Female",91,"20/10/2019",197,0.539356605,"femalenonbreeder",5.545,15.7,4.51085950651685,1.71289662080233
"KR26F024","Kuruman 26","KRR",13,2020-05-04,"04/05/2020",11,"Female",83,"20/10/2019",197,0.539356605,"femalenonbreeder",5.625,15.05,4.4188406077966,1.72722094809048
"KR27F002","Kuruman 27","KRR",8,2017-08-08,"07/08/2017",12,"Female",107,"05/02/2017",184,0.503764545,"femalenonbreeder",5.37,17,4.67282883446191,1.68082790852077
"KR27F002","Kuruman 27","KRR",13,2020-05-06,"05/05/2020",8,"Female",150,"05/02/2017",1186,3.247091034,"femalenonbreeder",6.455,18.65,5.01063529409626,1.86485502429861
"KR27F008","Kuruman 27","KRR",8,2017-08-08,"07/08/2017",12,"Female",92,"06/02/2017",183,0.501026694,"femalenonbreeder",5.47,16.5,4.52178857704904,1.69927861643389
"KR27F012","Kuruman 27","KRR",12,2019-09-16,"16/09/2019",6,"Female",111,"07/04/2018",527,1.442847365,"femalenonbreeder",5.525,17.45,4.70953020131233,1.70928324740382
"KR27F013","Kuruman 27","KRR",12,2019-09-17,"16/09/2019",6,"Female",107,"06/04/2018",529,1.448323066,"femalenonbreeder",5.5,16.95,4.67282883446191,1.70474809223843
"KR27F013","Kuruman 27","KRR",13,2020-05-06,"05/05/2020",8,"Female",92,"06/04/2018",761,2.083504449,"femalenonbreeder",5.495,16.7,4.52178857704904,1.70383858785558
"KR28F003","Kuruman 28","KRR",9,2018-04-22,"20/04/2018",8,"Female",99,"21/10/2017",183,0.501026694,"femalenonbreeder",5.345,16.1,4.59511985013459,1.67616154447701
"KR28F003","Kuruman 28","KRR",10,2018-09-18,"15/09/2018",9,"Female",111,"21/10/2017",332,0.908966461,"femalenonbreeder",5.665,17.55,4.70953020131233,1.73430689447997
"KR28F003","Kuruman 28","KRR",11,2019-03-20,"19/03/2019",11,"Female",119,"21/10/2017",515,1.409993155,"femalenonbreeder",5.785,17.85,4.77912349311153,1.75526836064564
"KR28F006","Kuruman 28","KRR",13,2020-03-17,"16/03/2020",13,"Female",128,"22/04/2018",695,1.902806297,"femalenonbreeder",6.075,18.45,4.85203026391962,1.80418198922661
"KR28F009","Kuruman 28","KRR",13,2020-03-17,"16/03/2020",13,"Female",134,"16/09/2018",548,1.500342231,"femalenonbreeder",6.225,18.2,4.89783979995091,1.82857344235077
"KR2F001","Kuruman 2","KRR",1,2014-01-31,"29/01/2014",1,"Female",169,"31/01/2014",0,0,"single",6.535,19.15,5.12989871492307,1.87717234707619
"KR2F001","Kuruman 2","KRR",2,2014-07-27,"27/07/2014",1,"Female",151,"31/01/2014",177,0.484599589,"single",6.575,19.05,5.01727983681492,1.88327457806383
"KR2F001","Kuruman 2","KRR",3,2015-02-17,"16/02/2015",1,"Female",158,"31/01/2014",382,1.045859001,"single",6.46,19.1,5.06259503302697,1.86562931779451
"KR2F001","Kuruman 2","KRR",4,2015-10-15,"15/10/2015",1,"Female",169,"31/01/2014",622,1.70294319,"single",6.485,19.1,5.12989871492307,1.86949181776841
"KR30F002","Kuruman 30","KRR",13,2020-04-27,"27/04/2020",10,"Female",74,"27/04/2020",0,0,"femalenonbreeder",5.43,15.2,4.30406509320417,1.69193913394584
"KR31F001","Kuruman 31","KRR",5,2016-05-05,"04/05/2016",1,"Female",94,"05/05/2016",0,0,"single",5.485,16.6,4.54329478227,1.70201709372719
"KR31F004","Kuruman 48","KRR",12,2019-10-23,"22/10/2019",1,"Female",144,"19/10/2017",734,2.009582478,"single",6.005,18.6,4.969813299576,1.79259245553195
"KR31F004","Kuruman 48","KRR",13,2020-03-27,"26/03/2020",1,"Female",146,"19/10/2017",890,2.436687201,"single",6.005,19.1,4.98360662170834,1.79259245553195
"KR31F008","Kuruman 31","KRR",13,2020-04-20,"20/04/2020",17,"Female",88,"24/11/2019",148,0.405201916,"femalenonbreeder",5.33,16.75,4.47733681447821,1.67335123817775
"KR31F009","Kuruman 31","KRR",13,2020-04-21,"20/04/2020",17,"Female",120,"24/11/2019",149,0.407939767,"femalenonbreeder",5.355,17.7,4.78749174278205,1.67803070389971
"KR31F011","Kuruman 31","KRR",12,2019-11-24,"23/11/2019",13,"Female",105,"24/11/2019",0,0,"femalenonbreeder",5.445,17.4,4.65396035015752,1.69469775638492
"KR31F011","Kuruman 31","KRR",13,2020-04-21,"20/04/2020",17,"Female",119,"24/11/2019",149,0.407939767,"femalenonbreeder",5.305,17.55,4.77912349311153,1.66864977206595
"KR31F012","Kuruman 31","KRR",12,2019-11-25,"23/11/2019",13,"Female",124,"25/11/2019",0,0,"femalenonbreeder",5.79,18.15,4.82028156560504,1.7561322915849
"KR31F012","Kuruman 31","KRR",13,2020-04-20,"20/04/2020",17,"Female",117,"25/11/2019",147,0.402464066,"femalenonbreeder",5.955,17.65,4.76217393479776,1.78423120280726
"KR31F016","Kuruman 31","KRR",12,2019-11-25,"23/11/2019",13,"Female",139,"25/11/2019",0,0,"femalenonbreeder",5.635,18.8,4.93447393313069,1.72899714749174
"KR31F016","Kuruman 31","KRR",13,2020-04-20,"20/04/2020",17,"Female",133,"25/11/2019",147,0.402464066,"femalenonbreeder",5.73,19,4.89034912822175,1.74571553072665
"KR32F001","Kuruman 32","KRR",7,2017-01-23,"23/01/2017",1,"Female",119,"23/01/2017",0,0,"single",5.99,18,4.77912349311153,1.79009141212736
"KR33F001","Kuruman 33","KRR",11,2019-04-18,"15/04/2019",7,"Female",95,"13/09/2017",582,1.593429158,"femalenonbreeder",5.465,16.45,4.55387689160054,1.6983641216285
"KR33F001","Kuruman 33","KRR",12,2019-10-08,"07/10/2019",7,"Female",93,"13/09/2017",755,2.067077344,"femalenonbreeder",5.465,16.3,4.53259949315326,1.6983641216285
"KR33F001","Kuruman 33","KRR",13,2020-04-16,"15/04/2020",6,"Female",91,"13/09/2017",946,2.590006845,"femalenonbreeder",5.415,15.65,4.51085950651685,1.68917288045295
"KR33F003","Kuruman 33","KRR",11,2019-04-16,"15/04/2019",7,"Female",91,"16/10/2018",182,0.498288843,"femalenonbreeder",5.27,16.65,4.51085950651685,1.66203036255327
"KR33F003","Kuruman 33","KRR",12,2019-10-08,"07/10/2019",7,"Female",95,"16/10/2018",357,0.977412731,"femalenonbreeder",5.515,15.95,4.55387689160054,1.70747165270547
"KR35F001","Kuruman 35","KRR",12,2019-10-06,"06/10/2019",7,"Female",79,"04/04/2019",185,0.506502396,"femalenonbreeder",5.525,15.75,4.36944785246702,1.70928324740382
"KR36F003","Kuruman 36","KRR",8,2017-10-10,"09/10/2017",14,"Female",93,"08/05/2017",155,0.424366872,"femalenonbreeder",5.31,16.75,4.53259949315326,1.66959183525385
"KR36F003","Kuruman 36","KRR",10,2018-10-14,"13/10/2018",12,"Female",122,"08/05/2017",524,1.434633812,"femalenonbreeder",5.935,17.45,4.80402104473326,1.78086702806163
"KR36F003","Kuruman 36","KRR",11,2019-04-16,"15/04/2019",15,"Female",139,"08/05/2017",708,1.938398357,"femalenonbreeder",6.05,18.15,4.93447393313069,1.80005827204275
"KR36F004","Kuruman 36","KRR",8,2017-10-09,"09/10/2017",14,"Female",97,"08/05/2017",154,0.421629021,"femalenonbreeder",5.45,16.25,4.57471097850338,1.69561560867515
"KR36F004","Kuruman 36","KRR",9,2018-04-19,"17/04/2018",9,"Female",116,"08/05/2017",346,0.947296372,"femalenonbreeder",6.015,17,4.75359019110636,1.79425634942664
"KR36F006","Kuruman 36","KRR",7,2017-05-09,"08/05/2017",14,"Female",89,"09/05/2017",0,0,"femalenonbreeder",5.47,16.45,4.48863636973214,1.69927861643389
"KR36F006","Kuruman 36","KRR",8,2017-10-09,"09/10/2017",14,"Female",102,"09/05/2017",153,0.41889117,"femalenonbreeder",5.755,17,4.62497281328427,1.75006904217385
"KR36F006","Kuruman 36","KRR",9,2018-04-20,"17/04/2018",9,"Female",121,"09/05/2017",346,0.947296372,"femalenonbreeder",6.22,17.05,4.79579054559674,1.82776990675109
"KR36F008","Kuruman 36","KRR",7,2017-05-09,"08/05/2017",14,"Female",97,"09/05/2017",0,0,"femalenonbreeder",6.005,17.5,4.57471097850338,1.79259245553195
"KR36F008","Kuruman 36","KRR",8,2017-10-10,"09/10/2017",14,"Female",114,"09/05/2017",154,0.421629021,"femalenonbreeder",6.155,17.75,4.7361984483945,1.81726475963642
"KR36F009","Kuruman 36","KRR",7,2017-05-09,"08/05/2017",14,"Female",101,"09/05/2017",0,0,"femalenonbreeder",5.515,17.25,4.61512051684126,1.70747165270547
"KR36F009","Kuruman 36","KRR",8,2017-10-09,"09/10/2017",14,"Female",121,"09/05/2017",153,0.41889117,"femalenonbreeder",6.07,18.05,4.79579054559674,1.80335860507141
"KR36F010","Kuruman 36","KRR",10,2018-10-14,"13/10/2018",12,"Female",109,"09/05/2017",523,1.431895962,"femalenonbreeder",5.555,17.55,4.69134788222914,1.71469842309159
"KR36F010","Kuruman 36","KRR",12,2019-10-31,"28/10/2019",4,"Female",113,"09/05/2017",905,2.477754962,"femalenonbreeder",5.785,17.75,4.72738781871234,1.75526836064564
"KR36F010","Kuruman 36","KRR",13,2020-05-11,"11/05/2020",8,"Female",115,"09/05/2017",1098,3.006160164,"femalenonbreeder",6.015,17.6,4.74493212836325,1.79425634942664
"KR36F012","Kuruman 36","KRR",7,2017-05-10,"08/05/2017",14,"Female",149,"10/05/2017",0,0,"femalenonbreeder",7.025,19,5.00394630594546,1.94947521521981
"KR36F012","Kuruman 36","KRR",8,2017-10-10,"09/10/2017",14,"Female",154,"10/05/2017",153,0.41889117,"femalenonbreeder",7.025,19.1,5.03695260241363,1.94947521521981
"KR36F012","Kuruman 36","KRR",11,2019-04-16,"15/04/2019",15,"Female",184,"10/05/2017",706,1.932922656,"femalenonbreeder",7.055,19.1,5.21493575760899,1.95373658530478
"KR36F018","Kuruman 36","KRR",11,2019-04-15,"15/04/2019",15,"Female",110,"13/10/2018",184,0.503764545,"femalenonbreeder",5.62,16.95,4.70048036579242,1.7263316639056
"KR36F018","Kuruman 36","KRR",12,2019-10-31,"28/10/2019",4,"Female",114,"13/10/2018",383,1.048596851,"femalenonbreeder",5.885,17.15,4.7361984483945,1.77240674071224
"KR36F018","Kuruman 36","KRR",13,2020-05-11,"11/05/2020",8,"Female",125,"13/10/2018",576,1.577002053,"femalenonbreeder",6.095,17.65,4.8283137373023,1.80746876293323
"KR36F019","Kuruman 36","KRR",12,2019-10-31,"28/10/2019",4,"Female",98,"14/10/2018",382,1.045859001,"femalenonbreeder",5.67,17.05,4.58496747867057,1.73518911773966
"KR36F019","Kuruman 36","KRR",13,2020-05-12,"11/05/2020",8,"Female",110,"14/10/2018",576,1.577002053,"femalenonbreeder",6.095,16.9,4.70048036579242,1.80746876293323
"KR36F020","Kuruman 36","KRR",10,2018-10-14,"13/10/2018",12,"Female",113,"14/10/2018",0,0,"femalenonbreeder",5.925,17.3,4.72738781871234,1.7791806870212
"KR36F020","Kuruman 36","KRR",11,2019-04-15,"15/04/2019",15,"Female",143,"14/10/2018",183,0.501026694,"femalenonbreeder",6.615,18.2,4.96284463025991,1.88933979756692
"KR36F023","Kuruman 36","KRR",13,2020-05-11,"11/05/2020",8,"Female",88,"16/04/2019",391,1.070499658,"femalenonbreeder",5.385,16.1,4.47733681447821,1.68361731060835
"KR36F025","Kuruman 36","KRR",13,2020-05-11,"11/05/2020",8,"Female",86,"17/04/2019",390,1.067761807,"femalenonbreeder",5.47,15.85,4.45434729625351,1.69927861643389
"KR3F001","Kuruman 3","KRR",1,2013-12-30,"28/12/2013",1,"Female",120,"30/12/2013",0,0,"single",6.285,17.7,4.78749174278205,1.83816584204221
"KR42F001","Kuruman 42","KRR",13,2020-03-14,"08/03/2020",7,"Female",103,"17/10/2018",514,1.407255305,"femalenonbreeder",5.52,16.25,4.63472898822964,1.708377860289
"KR43F002","Kuruman 43","KRR",12,2019-09-16,"16/09/2019",7,"Female",96,"27/11/2018",293,0.802190281,"femalenonbreeder",5.715,16.95,4.56434819146784,1.74309429724677
"KR43F002","Kuruman 43","KRR",13,2020-03-16,"16/03/2020",10,"Female",110,"27/11/2018",475,1.300479124,"femalenonbreeder",6.065,17.4,4.70048036579242,1.80253454239601
"KR43F003","Kuruman 43","KRR",13,2020-03-16,"16/03/2020",10,"Female",92,"26/11/2018",476,1.303216975,"femalenonbreeder",5.355,16.05,4.52178857704904,1.67803070389971
"KR45F001","Kuruman 45","KRR",11,2019-04-01,"01/04/2019",1,"Female",109,"01/04/2019",0,0,"single",6.065,17.25,4.69134788222914,1.80253454239601
"KR46F001","Kuruman 46","KRR",11,2019-04-03,"02/04/2019",1,"Female",119,"03/04/2019",0,0,"single",5.995,16.95,4.77912349311153,1.79092578847948
"KR46F001","Kuruman 46","KRR",13,2020-05-20,"20/05/2020",1,"Female",128,"03/04/2019",413,1.130732375,"single",6.44,17.35,4.85203026391962,1.86252854011626
"KR47F001","Kuruman 47","KRR",12,2019-10-21,"21/10/2019",1,"Female",116,"21/10/2019",0,0,"single",5.88,17.75,4.75359019110636,1.77155676191054
"KR47F001","Kuruman 47","KRR",13,2020-03-26,"26/03/2020",1,"Female",127,"21/10/2019",157,0.429842574,"single",6.095,17.55,4.84418708645859,1.80746876293323
"KR49F003","Kuruman 49","KRR",12,2019-10-28,"28/10/2019",17,"Female",117,"28/10/2019",0,0,"femalenonbreeder",5.315,18.3,4.76217393479776,1.67053301179391
"KR49F005","Kuruman 49","KRR",12,2019-10-28,"28/10/2019",17,"Female",109,"28/10/2019",0,0,"femalenonbreeder",5.485,17.4,4.69134788222914,1.70201709372719
"KR49F006","Kuruman 49","KRR",12,2019-10-28,"28/10/2019",17,"Female",111,"28/10/2019",0,0,"femalenonbreeder",5.52,17.4,4.70953020131233,1.708377860289
"KR50F001","Kuruman 50","KRR",13,2020-03-24,"23/03/2020",1,"Female",124,"24/03/2020",0,0,"single",5.945,17.55,4.82028156560504,1.78255053014275
"KR52F001","Kuruman 52","KRR",13,2020-04-06,"06/04/2020",1,"Female",129,"06/04/2020",0,0,"single",5.715,18.35,4.85981240436167,1.74309429724677
"KR7F004","Kuruman 7","KRR",1,2013-12-04,"03/12/2013",17,"Female",110,"04/12/2013",0,0,"femalenonbreeder",5.655,17.55,4.70048036579242,1.73254010956808
"KR7F006","Kuruman 7","KRR",3,2015-03-04,"03/03/2015",5,"Female",94,"05/12/2013",454,1.242984257,"femalenonbreeder",5.375,16.65,4.54329478227,1.68175857401373
"KR7F007","Kuruman 7","KRR",1,2013-12-05,"03/12/2013",17,"Female",137,"05/12/2013",0,0,"femalenonbreeder",6.14,17.7,4.91998092582813,1.81482474215905
"KR7F007","Kuruman 7","KRR",2,2014-08-06,"06/08/2014",6,"Female",124,"05/12/2013",244,0.668035592,"femalenonbreeder",6.12,17.55,4.82028156560504,1.81156209652423
"KR7F007","Kuruman 7","KRR",3,2015-03-04,"03/03/2015",5,"Female",125,"05/12/2013",454,1.242984257,"femalenonbreeder",6.35,18.05,4.8283137373023,1.8484548129046
"KR7F007","Kuruman 7","KRR",5,2016-02-16,"16/02/2016",2,"Female",138,"05/12/2013",803,2.198494182,"femalenonbreeder",6.48,18.35,4.92725368515721,1.86872051036418
"KR7F007","Kuruman 7","KRR",6,2016-09-05,"05/09/2016",1,"Female",135,"05/12/2013",1005,2.751540041,"single",6.42,18.25,4.90527477843843,1.85941811770187
"KR7F007","Kuruman 7","KRR",7,2017-02-07,"06/02/2017",1,"Female",131,"05/12/2013",1160,3.175906913,"single",6.47,18.1,4.87519732320115,1.86717610851281
"KR7F007","Kuruman 7","KRR",8,2017-08-14,"14/08/2017",1,"Female",132,"05/12/2013",1348,3.690622861,"single",6.345,18.55,4.88280192258637,1.84766710116635
"KR7F008","Kuruman 7","KRR",1,2013-12-05,"03/12/2013",17,"Female",98,"05/12/2013",0,0,"femalenonbreeder",5.83,16.7,4.58496747867057,1.7630170003624
"KR7F011","Kuruman 7","KRR",1,2013-12-05,"03/12/2013",17,"Female",101,"05/12/2013",0,0,"femalenonbreeder",5.65,17.3,4.61512051684126,1.73165554515835
"KR7F012","Kuruman 7","KRR",3,2015-03-04,"03/03/2015",5,"Female",91,"06/12/2013",453,1.240246407,"femalenonbreeder",5.295,16.25,4.51085950651685,1.66676297905337
"KR7F012","Kuruman 7","KRR",5,2016-02-17,"16/02/2016",2,"Female",122,"06/12/2013",803,2.198494182,"femalenonbreeder",6.07,17.8,4.80402104473326,1.80335860507141
"KR7F015","Kuruman 7","KRR",1,2013-12-06,"03/12/2013",17,"Female",93,"06/12/2013",0,0,"femalenonbreeder",5.33,16.25,4.53259949315326,1.67335123817775
"KR7F015","Kuruman 7","KRR",2,2014-08-08,"06/08/2014",6,"Female",100,"06/12/2013",245,0.670773443,"femalenonbreeder",5.59,16.85,4.60517018598809,1.72097928716701
"KR7F017","Kuruman 7","KRR",1,2013-12-07,"03/12/2013",17,"Female",122,"07/12/2013",0,0,"femalenonbreeder",5.985,17.8,4.80402104473326,1.78925633900994
"KR7F019","Kuruman 7","KRR",12,2019-10-01,"30/09/2019",11,"Female",88,"14/11/2018",321,0.878850103,"femalenonbreeder",5.35,16.25,4.47733681447821,1.67709656090792
"KR7F020","Kuruman 7","KRR",12,2019-09-30,"30/09/2019",11,"Female",95,"10/03/2019",204,0.558521561,"femalenonbreeder",5.28,16.25,4.55387689160054,1.66392609771817
"KR7F020","Kuruman 7","KRR",13,2020-05-20,"20/05/2020",6,"Female",106,"10/03/2019",437,1.196440794,"femalenonbreeder",5.55,17.1,4.66343909411207,1.71379792775834
"KR8F001","Kuruman 8","KRR",1,2013-12-03,"03/12/2013",6,"Female",100,"03/12/2013",0,0,"femalenonbreeder",5.275,16.5,4.60517018598809,1.66297867936213
"KR8F002","Kuruman 8","KRR",1,2013-12-03,"03/12/2013",6,"Female",99,"03/12/2013",0,0,"femalenonbreeder",5.455,17.05,4.59511985013459,1.69653261928503
"KR8F002","Kuruman 8","KRR",2,2014-08-05,"05/08/2014",2,"Female",97,"03/12/2013",245,0.670773443,"femalenonbreeder",5.585,17.15,4.57471097850338,1.72008443252116
"KR8F002","Kuruman 8","KRR",3,2015-03-02,"01/03/2015",2,"Female",112,"03/12/2013",454,1.242984257,"femalenonbreeder",5.985,17.9,4.71849887129509,1.78925633900994
"KR8F002","Kuruman 8","KRR",4,2015-09-16,"16/09/2015",1,"Female",110,"03/12/2013",652,1.785078713,"single",5.73666666666667,18.0333333333333,4.70048036579242,1.74687832155534
"KR8F003","Kuruman 8","KRR",1,2013-12-03,"03/12/2013",6,"Female",113,"03/12/2013",0,0,"femalenonbreeder",5.79,17.3,4.72738781871234,1.7561322915849
"KR8F003","Kuruman 20","KRR",1,2014-05-14,"14/05/2014",1,"Female",137,"03/12/2013",162,0.443531828,"single",5.905,17.35,4.91998092582813,1.77579944964933
"KR8F003","Kuruman 20","KRR",2,2014-11-17,"17/11/2014",1,"Female",109,"03/12/2013",349,0.955509925,"single",5.895,17.35,4.69134788222914,1.77410453398933
"KR8F003","Kuruman 20","KRR",4,2015-10-12,"12/10/2015",1,"Female",111,"03/12/2013",678,1.856262834,"single",5.795,17.3,4.70953020131233,1.75699547679172
"KR8F003","Kuruman 20","KRR",5,2016-04-17,"17/04/2016",1,"Female",109,"03/12/2013",866,2.370978782,"single",5.98,17.2,4.69134788222914,1.78842056796254
"KR8F005","Kuruman 8","KRR",1,2013-12-05,"03/12/2013",6,"Female",123,"05/12/2013",0,0,"femalenonbreeder",5.765,17.7,4.81218435537242,1.75180515372102
"KR8F005","Kuruman 8","KRR",2,2014-08-06,"05/08/2014",2,"Female",123,"05/12/2013",244,0.668035592,"femalenonbreeder",5.665,17.7,4.81218435537242,1.73430689447997
"KR8F005","Kuruman 8","KRR",3,2015-03-02,"01/03/2015",2,"Female",141,"05/12/2013",452,1.237508556,"femalenonbreeder",5.81,18.45,4.94875989037817,1.75958057086382
"KR8F008","Kuruman 8","KRR",7,2017-02-07,"06/02/2017",12,"Female",124,"07/02/2017",0,0,"femalenonbreeder",5.985,17.7,4.82028156560504,1.78925633900994
"KR8F009","Kuruman 8","KRR",8,2017-08-16,"14/08/2017",11,"Female",105,"06/02/2017",191,0.5229295,"femalenonbreeder",5.55,16.65,4.65396035015752,1.71379792775834
"KR8F012","Kuruman 8","KRR",8,2017-08-14,"14/08/2017",11,"Female",94,"08/02/2017",187,0.511978097,"femalenonbreeder",5.7,16.6,4.54329478227,1.7404661748405
"KR8F017","Kuruman 8","KRR",10,2018-11-05,"05/11/2018",16,"Female",118,"15/08/2017",447,1.223819302,"femalenonbreeder",5.63,17.7,4.77068462446567,1.7281094421516
"KR8F025","Kuruman 8","KRR",10,2018-11-05,"05/11/2018",16,"Female",100,"03/05/2018",186,0.509240246,"femalenonbreeder",5.315,16.7,4.60517018598809,1.67053301179391
"KR8F025","Kuruman 55","KRR",13,2020-05-06,"06/05/2020",1,"Female",118,"03/05/2018",734,2.009582478,"single",6.36,17.8,4.77068462446567,1.85002837735203
"KR8F027","Kuruman 8","KRR",12,2019-10-16,"15/10/2019",15,"Female",115,"06/11/2018",344,0.941820671,"femalenonbreeder",5.445,17.8,4.74493212836325,1.69469775638492
"KR8F027","Kuruman 8","KRR",13,2020-04-20,"20/04/2020",22,"Female",118,"06/11/2018",531,1.453798768,"femalenonbreeder",5.6,18.1,4.77068462446567,1.7227665977411
"KR8F030","Kuruman 8","KRR",13,2020-04-20,"20/04/2020",22,"Female",128,"10/03/2019",407,1.11430527,"femalenonbreeder",5.78,18.05,4.85203026391962,1.75440368268429
"KR8F031","Kuruman 8","KRR",13,2020-04-21,"20/04/2020",22,"Female",110,"10/03/2019",408,1.117043121,"femalenonbreeder",5.35,17,4.70048036579242,1.67709656090792
"KR8F033","Kuruman 8","KRR",13,2020-04-21,"20/04/2020",22,"Female",104,"16/10/2019",188,0.514715948,"femalenonbreeder",5.715,16.55,4.64439089914137,1.74309429724677
"KR8F036","Kuruman 8","KRR",13,2020-04-20,"20/04/2020",22,"Female",84,"16/10/2019",187,0.511978097,"femalenonbreeder",5.275,15.6,4.43081679884331,1.66297867936213
"L11F003","Lonely 11","Lonely",1,2013-09-23,"23/09/2013",25,"Female",111,"23/09/2013",0,0,"femalenonbreeder",5.69,17.9,4.70953020131233,1.73871024813824
"L11F003","Lonely 11","Lonely",2,2014-03-04,"01/03/2014",16,"Female",121,"23/09/2013",162,0.443531828,"femalenonbreeder",6.03,17.8,4.79579054559674,1.79674701073909
"L11F003","Lonely 11","Lonely",3,2014-09-21,"16/09/2014",9,"Female",156,"23/09/2013",363,0.993839836,"femalenonbreeder",6.23,19.3,5.04985600724954,1.82937633279936
"L11F004","Lonely 11","Lonely",2,2014-03-02,"01/03/2014",16,"Female",107,"23/09/2013",160,0.438056126,"femalenonbreeder",5.39,17.3,4.67282883446191,1.68454538492091
"L11F004","Lonely 11","Lonely",3,2014-09-17,"16/09/2014",9,"Female",135,"23/09/2013",359,0.982888433,"femalenonbreeder",5.62,18.5,4.90527477843843,1.7263316639056
"L11F004","Lonely 11","Lonely",4,2015-03-23,"23/03/2015",8,"Female",126,"23/09/2013",546,1.49486653,"femalenonbreeder",5.945,19.15,4.83628190695148,1.78255053014275
"L11F004","Lonely 11","Lonely",5,2016-05-02,"02/05/2016",7,"Female",144,"23/09/2013",952,2.606433949,"femalenonbreeder",6.2,19.7,4.969813299576,1.82454929205105
"L11F006","Lonely 11","Lonely",1,2013-09-23,"23/09/2013",25,"Female",141,"23/09/2013",0,0,"femalenonbreeder",5.48,18.85,4.94875989037817,1.70110510095992
"L11F009","Lonely 11","Lonely",2,2014-03-03,"01/03/2014",16,"Female",96,"23/09/2013",161,0.440793977,"femalenonbreeder",5.375,16.6,4.56434819146784,1.68175857401373
"L11F011","Lonely 11","Lonely",1,2013-09-24,"23/09/2013",25,"Female",126,"24/09/2013",0,0,"femalenonbreeder",5.77,18.55,4.83628190695148,1.75267208052001
"L11F014","Lonely 11","Lonely",1,2013-09-24,"23/09/2013",25,"Female",120,"24/09/2013",0,0,"femalenonbreeder",5.85,18.15,4.78749174278205,1.76644166124377
"L11F014","Lonely 11","Lonely",2,2014-03-02,"01/03/2014",16,"Female",140,"24/09/2013",159,0.435318275,"femalenonbreeder",5.905,18.35,4.9416424226093,1.77579944964933
"L11F016","Lonely 11","Lonely",1,2013-09-24,"23/09/2013",25,"Female",91,"24/09/2013",0,0,"femalenonbreeder",5.585,16.3,4.51085950651685,1.72008443252116
"L11F016","Lonely 11","Lonely",2,2014-03-02,"01/03/2014",16,"Female",95,"24/09/2013",159,0.435318275,"femalenonbreeder",5.645,17,4.55387689160054,1.73077019760163
"L11F016","Lonely 11","Lonely",3,2014-09-18,"16/09/2014",9,"Female",123,"24/09/2013",359,0.982888433,"femalenonbreeder",5.975,18.55,4.81218435537242,1.78758409781757
"L11F019","Lonely 11","Lonely",2,2014-03-02,"01/03/2014",16,"Female",101,"24/09/2013",159,0.435318275,"femalenonbreeder",5.33,16.75,4.61512051684126,1.67335123817775
"L11F019","Lonely 11","Lonely",3,2014-09-20,"16/09/2014",9,"Female",128,"24/09/2013",361,0.988364134,"femalenonbreeder",5.795,18.75,4.85203026391962,1.75699547679172
"L11F019","Lonely 11","Lonely",4,2015-03-23,"23/03/2015",8,"Female",132,"24/09/2013",545,1.492128679,"femalenonbreeder",6.035,19.2,4.88280192258637,1.79757585454949
"L11F019","Lonely 11","Lonely",5,2016-05-02,"02/05/2016",7,"Female",139,"24/09/2013",951,2.603696099,"femalenonbreeder",6.265,20,4.93447393313069,1.83497858834803
"L11F024","Lonely 11","Lonely",2,2014-03-02,"01/03/2014",16,"Female",101,"25/09/2013",158,0.432580424,"femalenonbreeder",5.36,16.9,4.61512051684126,1.67896397508271
"L11F024","Lonely 11","Lonely",3,2014-09-19,"16/09/2014",9,"Female",128,"25/09/2013",359,0.982888433,"femalenonbreeder",5.62,19.355,4.85203026391962,1.7263316639056
"L12F001","Lonely 12","Lonely",1,2013-09-23,"23/09/2013",1,"Female",128,"23/09/2013",0,0,"single",5.65,18.2,4.85203026391962,1.73165554515835
"L13F001","Lonely 13","Lonely",2,2014-03-02,"01/03/2014",10,"Female",142,"29/09/2013",154,0.421629021,"femalenonbreeder",5.72,18.45,4.95582705760126,1.74396880539171
"L13F002","Lonely 13","Lonely",1,2013-09-29,"29/09/2013",12,"Female",142,"29/09/2013",0,0,"femalenonbreeder",5.86,19.25,4.95582705760126,1.76814960358892
"L13F005","Kuruman 25","KRR",5,2016-02-04,"04/02/2016",1,"Female",129,"30/09/2013",857,2.346338125,"single",6.045,18.7,4.85981240436167,1.79923148406676
"L13F005","Kuruman 25","KRR",7,2017-01-16,"16/01/2017",1,"Female",127,"30/09/2013",1204,3.296372348,"single",5.44,18.3,4.84418708645859,1.69377906086785
"L13F005","Kuruman 25","KRR",8,2017-07-31,"31/07/2017",1,"Female",119,"30/09/2013",1400,3.832991102,"single",5.785,18.95,4.77912349311153,1.75526836064564
"L13F005","Kuruman 25","KRR",9,2018-04-25,"25/04/2018",1,"Female",119,"30/09/2013",1668,4.566735113,"single",6.025,18.65,4.77912349311153,1.79591747937672
"L13F005","Kuruman 25","KRR",11,2019-03-23,"21/03/2019",1,"Female",121,"30/09/2013",2000,5.475701574,"single",5.805,18.6,4.79579054559674,1.75871961514985
"L13F005","Kuruman 25","KRR",13,2020-03-05,"05/03/2020",1,"Female",114,"30/09/2013",2348,6.428473648,"single",5.87,18.75,4.7361984483945,1.76985463384001
"L13F006","Lonely 13","Lonely",1,2013-09-30,"29/09/2013",12,"Female",115,"30/09/2013",0,0,"femalenonbreeder",5.61,16.85,4.74493212836325,1.7245507195346
"L13F006","Lonely 13","Lonely",2,2014-03-01,"01/03/2014",10,"Female",123,"30/09/2013",152,0.41615332,"femalenonbreeder",5.79,17.5,4.81218435537242,1.7561322915849
"L13F008","Lonely 13","Lonely",2,2014-03-03,"01/03/2014",10,"Female",115,"01/10/2013",153,0.41889117,"femalenonbreeder",5.715,17.5,4.74493212836325,1.74309429724677
"L13F009","Lonely 13","Lonely",1,2013-10-01,"29/09/2013",12,"Female",125,"01/10/2013",0,0,"femalenonbreeder",5.985,19,4.8283137373023,1.78925633900994
"L13F014","Lonely 13","Lonely",4,2015-03-26,"26/03/2015",8,"Female",104,"02/03/2014",389,1.065023956,"femalenonbreeder",5.27,17.05,4.64439089914137,1.66203036255327
"L13F015","Lonely 61","Lonely",5,2016-05-06,"05/05/2016",1,"Female",111,"17/09/2014",597,1.63449692,"single",5.32,17.8,4.70953020131233,1.67147330335355
"L13F020","Lonely 19","Lonely",6,2016-10-06,"06/10/2016",1,"Female",102,"27/03/2015",559,1.53045859,"single",5.265,16.1,4.62497281328427,1.66108114558594
"L13F029","Lonely 13","Lonely",7,2017-06-05,"05/06/2017",10,"Female",124,"24/02/2016",467,1.278576318,"femalenonbreeder",5.345,18.55,4.82028156560504,1.67616154447701
"L14F004","Lonely 14","Lonely",3,2014-09-17,"16/09/2014",8,"Female",124,"03/03/2014",198,0.542094456,"femalenonbreeder",5.505,18.65,4.82028156560504,1.70565677017464
"L14F006","Lonely 14","Lonely",3,2014-09-16,"16/09/2014",8,"Female",124,"03/03/2014",197,0.539356605,"femalenonbreeder",5.46,18.5,4.82028156560504,1.69744878975681
"L14F006","Lonely 63","Lonely",4,2015-03-23,"23/03/2015",1,"Female",130,"03/03/2014",385,1.054072553,"single",5.64333333333333,18.5,4.86753445045558,1.73047490747693
"L14F009","Lonely 14","Lonely",4,2015-01-29,"29/01/2015",8,"Female",105,"03/03/2014",332,0.908966461,"femalenonbreeder",5.61666666666667,17.1333333333333,4.65396035015752,1.72573836813026
"L14F013","Lonely 14","Lonely",2,2014-03-03,"01/03/2014",13,"Female",119,"03/03/2014",0,0,"femalenonbreeder",5.405,17.75,4.77912349311153,1.68732445109117
"L14F018","Lonely 14","Lonely",5,2016-02-09,"08/02/2016",12,"Female",107,"30/01/2015",375,1.026694045,"femalenonbreeder",5.295,17.7,4.67282883446191,1.66676297905337
"L17F001","Lonely 17","Lonely",2,2014-06-24,"23/06/2014",2,"Female",158,"24/06/2014",0,0,"femalenonbreeder",6.09,19,5.06259503302697,1.80664808172181
"L18F004","Lonely 18","Lonely",2,2014-03-14,"11/03/2014",14,"Female",80,"14/03/2014",0,0,"femalenonbreeder",5.375,15.75,4.38202663467388,1.68175857401373
"L18F004","Lonely 18","Lonely",3,2014-09-30,"30/09/2014",9,"Female",87,"14/03/2014",200,0.547570157,"femalenonbreeder",5.285,16.5,4.46590811865458,1.6648726193222
"L18F007","Lonely 18","Lonely",5,2016-03-01,"29/02/2016",5,"Female",109,"14/03/2014",718,1.965776865,"femalenonbreeder",5.31,17.5,4.69134788222914,1.66959183525385
"L18F008","Lonely 18","Lonely",6,2016-09-16,"16/09/2016",3,"Female",103,"14/03/2014",917,2.510609172,"femalenonbreeder",5.37,17.6,4.63472898822964,1.68082790852077
"L18F014","Lonely 18","Lonely",5,2016-03-01,"29/02/2016",5,"Female",100,"18/03/2014",714,1.954825462,"femalenonbreeder",5.63,17.4,4.60517018598809,1.7281094421516
"L18F014","Kuruman 14","KRR",5,2016-05-30,"30/05/2016",1,"Female",105,"18/03/2014",804,2.201232033,"single",5.645,18,4.65396035015752,1.73077019760163
"L18F014","Kuruman 14","KRR",7,2017-01-31,"30/01/2017",1,"Female",119,"18/03/2014",1050,2.874743326,"single",5.61,17.6,4.77912349311153,1.7245507195346
"L18F014","Kuruman 14","KRR",8,2017-08-09,"07/08/2017",1,"Female",107,"18/03/2014",1240,3.394934976,"single",5.845,18.2,4.67282883446191,1.76558659492403
"L20F005","Lonely 20","Lonely",7,2017-07-20,"20/07/2017",10,"Female",114,"07/10/2016",286,0.783025325,"femalenonbreeder",5.275,18.25,4.7361984483945,1.66297867936213
"L20F006","Lonely 20","Lonely",6,2016-10-07,"06/10/2016",11,"Female",127,"07/10/2016",0,0,"femalenonbreeder",5.535,18.5,4.84418708645859,1.7110915661606
"L26F002","Lonely 26","Lonely",7,2017-07-15,"13/07/2017",10,"Female",102,"06/10/2016",282,0.772073922,"femalenonbreeder",5.37,17.9,4.62497281328427,1.68082790852077
"L26F004","Lonely 28","Lonely",7,2017-07-13,"13/07/2017",1,"Female",104,"06/10/2016",280,0.76659822,"single",5.44,16.55,4.64439089914137,1.69377906086785
"L27F001","Lonely 27","Lonely",7,2017-07-05,"04/07/2017",1,"Female",96,"05/07/2017",0,0,"single",5.785,17.55,4.56434819146784,1.75526836064564
"L40F012","Lonely 40","Lonely",6,2016-09-23,"22/09/2016",10,"Female",117,"23/09/2016",0,0,"femalenonbreeder",5.56,17.3,4.76217393479776,1.71559810826249
"L40F013","Lonely 40","Lonely",6,2016-09-23,"22/09/2016",10,"Female",107,"23/09/2016",0,0,"femalenonbreeder",5.61,17.8,4.67282883446191,1.72455071953461
"L40F013","Lonely 40","Lonely",7,2017-06-21,"21/06/2017",12,"Female",119,"23/09/2016",271,0.741957563,"femalenonbreeder",5.94,18.45,4.77912349311153,1.78170913337455
"L40F014","Lonely 40","Lonely",7,2017-06-21,"21/06/2017",12,"Female",87,"23/09/2016",271,0.741957563,"femalenonbreeder",5.535,16.7,4.46590811865458,1.7110915661606
"L41F001","Lonely 41","Lonely",2,2014-03-17,"17/03/2014",1,"Female",129,"17/03/2014",0,0,"single",6.55,18,4.85981240436167,1.87946504964716
"L45F001","Lonely 45","Lonely",2,2014-04-01,"31/03/2014",1,"Female",130,"01/04/2014",0,0,"single",6.03,19.3,4.86753445045558,1.79674701073909
"L45F001","Lonely 45","Lonely",3,2014-09-30,"30/09/2014",1,"Female",148,"01/04/2014",182,0.498288843,"single",6.035,19.75,4.99721227376411,1.79757585454949
"L45F001","Lonely 45","Lonely",5,2016-05-06,"05/05/2016",1,"Female",148,"01/04/2014",766,2.097193703,"single",6.195,20.1,4.99721227376411,1.82374251508111
"L45F001","Lonely 45","Lonely",7,2017-07-04,"04/07/2017",1,"Female",136,"01/04/2014",1190,3.258042437,"single",6.22,20.05,4.91265488573605,1.82776990675109
"L46F003","Lonely 46","Lonely",2,2014-04-01,"31/03/2014",7,"Female",100,"01/04/2014",0,0,"femalenonbreeder",5.59,16.9,4.60517018598809,1.72097928716701
"L46F006","Lonely 46","Lonely",2,2014-04-02,"31/03/2014",7,"Female",91,"02/04/2014",0,0,"femalenonbreeder",5.4,17.5,4.51085950651685,1.68639895357023
"L46F008","Lonely 46","Lonely",5,2016-03-01,"29/02/2016",10,"Female",108,"01/03/2016",0,0,"femalenonbreeder",5.335,18,4.68213122712422,1.67428888475372
"L46F010","Lonely 33","Lonely",7,2017-07-21,"20/07/2017",1,"Female",104,"29/02/2016",508,1.3908282,"single",5.67,17.5,4.64439089914137,1.73518911773966
"L46F015","Lonely 46","Lonely",5,2016-03-04,"29/02/2016",10,"Female",97,"04/03/2016",0,0,"femalenonbreeder",5.405,16.5,4.57471097850338,1.68732445109117
"L46F015","Lonely 65","Lonely",5,2016-05-05,"05/05/2016",1,"Female",89,"04/03/2016",62,0.169746749,"single",5.38,16.95,4.48863636973214,1.68268837417369
"L47F001","Lonely 47","Lonely",2,2014-06-26,"24/06/2014",1,"Female",151,"26/06/2014",0,0,"single",7.17,19.85,5.01727983681492,1.96990565461153
"L47F001","Lonely 47","Lonely",4,2015-03-13,"08/03/2015",1,"Female",173,"26/06/2014",260,0.711841205,"single",7.165,19.45,5.15329159449778,1.96920806128014
"L47F001","Lonely 47","Lonely",5,2016-05-06,"05/05/2016",1,"Female",165,"26/06/2014",680,1.861738535,"single",7.02,20,5.10594547390058,1.94876321803772
"L49F007","Lonely 49","Lonely",6,2016-09-17,"16/09/2016",10,"Female",96,"17/09/2016",0,0,"femalenonbreeder",5.49,17.3,4.56434819146784,1.70292825552144
"L54F001","Lonely 54","Lonely",3,2014-09-30,"30/09/2014",1,"Female",136,"30/09/2014",0,0,"single",6.035,19.75,4.91265488573605,1.79757585454949
"L54F001","Lonely 54","Lonely",4,2015-03-27,"26/03/2015",1,"Female",142,"30/09/2014",178,0.48733744,"single",6.655,18.9,4.95582705760126,1.89536845184708
"L54F001","Lonely 54","Lonely",5,2016-03-02,"02/03/2016",1,"Female",147,"30/09/2014",519,1.420944559,"single",6.755,19.1,4.99043258677874,1.91028297141216
"L64F001","Lonely 64","Lonely",5,2016-05-02,"02/05/2016",1,"Female",129,"02/05/2016",0,0,"single",5.615,17.8,4.85981240436167,1.72544158819041
