"AnimalID","Sex","DateofCapture","DateofRecapture","weight","weight2","GroupID","GroupSize","QueenID","GroupSizeRecapture","timediff","rateofbodymassgrowth","CompleteCapture","CompleteRecapture"
"KR1M017","Male",2013-11-22,2014-07-27,51,83,"Kuruman 1",18,"KR1F007",10,247,0.129554656,1,1
"KR1F006","Female",2013-11-18,2014-07-27,92,112,"Kuruman 1",18,"KR1F007",10,251,0.079681275,1,1
"KR1F012","Female",2013-11-20,2014-07-27,81,94,"Kuruman 1",18,"KR1F007",10,249,0.052208835,1,1
"KR1F003","Female",2013-11-18,2014-07-28,62,88,"Kuruman 1",18,"KR1F007",10,252,0.103174603,1,1
"KR1M008","Male",2013-11-18,2014-07-29,52,100,"Kuruman 1",18,"KR1F007",10,253,0.18972332,1,1
"KR1M009","Male",2013-11-18,2014-07-30,163,154,"Kuruman 1",18,"KR1F007",10,254,-0.035433071,1,1
"KR1F003","Female",2014-07-28,2015-02-16,88,107,"Kuruman 1",10,"KR1F007",10,203,0.093596059,1,1
"KR1F006","Female",2014-07-27,2015-02-16,112,127,"Kuruman 1",10,"KR1F007",10,204,0.073529412,1,1
"KR1F018","Female",2014-07-27,2015-02-16,37,86,"Kuruman 1",10,"KR1F007",10,204,0.240196078,1,1
"KR1M017","Male",2014-07-27,2015-02-16,83,114,"Kuruman 1",10,"KR1F007",10,204,0.151960784,1,1
"KR1F012","Female",2014-07-27,2015-02-17,94,115,"Kuruman 1",10,"KR1F007",10,205,0.102439024,1,1
"KR1F019","Female",2014-07-28,2015-02-17,37,87,"Kuruman 1",10,"KR1F007",10,204,0.245098039,1,1
"KR1M009","Male",2014-07-30,2015-02-17,154,169,"Kuruman 1",10,"KR1F007",10,202,0.074257426,1,1
"KR1M008","Male",2014-07-29,2015-02-18,100,140,"Kuruman 1",10,"KR1F007",10,204,0.196078431,1,1
"KR1F003","Female",2015-02-16,2015-10-15,107,146,"Kuruman 1",10,"KR1F007",7,241,0.161825726,1,1
"KR1F019","Female",2015-02-17,2015-10-15,87,127,"Kuruman 1",10,"KR1F007",7,240,0.166666667,1,1
"KR1M008","Male",2015-02-18,2015-10-15,140,162,"Kuruman 1",10,"KR1F007",7,239,0.092050209,1,1
"KR1F018","Female",2015-02-16,2015-10-15,86,144,"Kuruman 1",10,"KR1F007",7,241,0.2406639,1,1
"KR1M009","Male",2015-02-17,2015-10-16,169,172,"Kuruman 1",10,"KR1F007",7,241,0.012448133,1,1
"KR1F006","Female",2015-02-16,2015-10-16,127,156,"Kuruman 1",10,"KR1F007",7,242,0.119834711,1,1
"KR1F003","Female",2015-10-15,2016-04-26,146,144,"Kuruman 1",7,"KR1F007",9,194,-0.010309278,1,1
"KR1M008","Male",2015-10-15,2016-04-27,162,170,"Kuruman 1",7,"KR1F007",9,195,0.041025641,1,1
"KR1M009","Male",2015-10-16,2016-04-27,172,162,"Kuruman 1",7,"KR1F007",9,194,-0.051546392,1,1
"KR1F019","Female",2015-10-15,2016-04-27,127,119,"Kuruman 1",7,"KR1F007",9,195,-0.041025641,1,1
"KR1F006","Female",2015-10-16,2016-04-27,156,162,"Kuruman 1",7,"KR1F007",9,194,0.030927835,1,1
"KR1F018","Female",2015-10-15,2016-04-27,144,148,"Kuruman 1",7,"KR1F007",9,195,0.020512821,1,1
"KR1M009","Male",2017-05-03,2017-10-09,173,165,"Kuruman 1",4,"KR1F007",4,159,-0.050314465,1,1
"KR1F006","Female",2017-05-03,2017-10-09,169,165,"Kuruman 1",4,"KR1F007",4,159,-0.025157233,1,1
"KR1F022","Female",2017-05-03,2017-10-09,78,112,"Kuruman 1",4,"KR1F007",4,159,0.213836478,1,1
"KR1F022","Female",2017-10-09,2018-03-23,112,134,"Kuruman 1",4,"KR1F007",4,165,0.133333333,1,1
"KR1F006","Female",2017-10-09,2018-03-23,165,168,"Kuruman 1",4,"KR1F007",4,165,0.018181818,1,1
"KR1M009","Male",2017-10-09,2018-03-23,165,171,"Kuruman 1",4,"KR1F007",4,165,0.036363636,1,1
"KR10M002","Male",2013-12-01,2014-07-27,45,92,"Kuruman 10",4,"KR10F004",5,238,0.197478992,1,1
"KR10M003","Male",2013-12-02,2014-07-28,142,142,"Kuruman 10",4,"KR10F004",5,238,0,1,1
"KR10F005","Female",2014-07-28,2015-02-16,28,70,"Kuruman 10",5,"KR10F004",5,203,0.206896552,1,1
"KR10M003","Male",2014-07-28,2015-02-16,142,146,"Kuruman 10",5,"KR10F004",5,203,0.019704433,1,1
"KR10M006","Male",2014-07-28,2015-02-16,29,82,"Kuruman 10",5,"KR10F004",5,203,0.261083744,1,1
"KR10M002","Male",2014-07-27,2015-02-17,92,103,"Kuruman 10",5,"KR10F004",5,205,0.053658537,1,1
"KR10M003","Male",2015-02-16,2015-10-07,146,160,"Kuruman 10",5,"KR10F004",5,233,0.060085837,1,1
"KR10M006","Male",2015-02-16,2015-10-07,82,121,"Kuruman 10",5,"KR10F004",5,233,0.167381974,1,1
"KR10F005","Female",2015-02-16,2015-10-08,70,111,"Kuruman 10",5,"KR10F004",5,234,0.175213675,1,1
"KR10M003","Male",2015-10-07,2016-04-26,160,157,"Kuruman 10",5,"KR10F004",10,202,-0.014851485,1,1
"KR10M007","Male",2015-10-07,2016-04-26,57,101,"Kuruman 10",5,"KR10F004",10,202,0.217821782,1,1
"KR10F005","Female",2015-10-08,2016-04-26,111,113,"Kuruman 10",5,"KR10F004",10,201,0.009950249,1,1
"KR10M006","Male",2015-10-07,2016-04-26,121,146,"Kuruman 10",5,"KR10F004",10,202,0.123762376,1,1
"KR10M003","Male",2016-04-26,2017-02-20,157,168,"Kuruman 10",10,"KR10F004",11,300,0.036666667,1,1
"KR10M018","Male",2017-02-21,2017-08-19,48,92,"Kuruman 10",11,"KR10F004",12,179,0.245810056,1,1
"KR10M019","Male",2017-02-22,2017-08-19,92,134,"Kuruman 10",11,"KR10F004",12,178,0.235955056,1,1
"KR10M014","Male",2017-02-20,2017-08-19,102,122,"Kuruman 10",11,"KR10F004",12,180,0.111111111,1,1
"KR10M021","Male",2017-02-23,2017-08-19,75,130,"Kuruman 10",11,"KR10F004",12,177,0.310734463,1,1
"KR10M016","Male",2017-02-21,2017-08-19,93,118,"Kuruman 10",11,"KR10F004",12,179,0.139664804,1,1
"KR10M003","Male",2017-02-20,2017-08-19,168,165,"Kuruman 10",11,"KR10F004",12,180,-0.016666667,1,1
"KR10M020","Male",2017-02-23,2017-08-22,83,123,"Kuruman 10",11,"KR10F004",12,180,0.222222222,1,1
"KR10M021","Male",2017-08-19,2018-03-17,130,177,"Kuruman 10",12,"KR10F004",17,210,0.223809524,1,1
"KR10M003","Male",2017-08-19,2018-03-17,165,170,"Kuruman 10",12,"KR10F004",17,210,0.023809524,1,1
"KR10M019","Male",2017-08-19,2018-03-17,134,174,"Kuruman 10",12,"KR10F004",17,210,0.19047619,1,1
"KR10M014","Male",2017-08-19,2018-03-17,122,150,"Kuruman 10",12,"KR10F004",17,210,0.133333333,1,1
"KR10F024","Female",2017-08-21,2018-03-18,60,97,"Kuruman 10",12,"KR10F004",17,209,0.177033493,1,1
"KR10M018","Male",2017-08-19,2018-03-18,92,143,"Kuruman 10",12,"KR10F004",17,211,0.241706161,1,1
"KR10M020","Male",2017-08-22,2018-03-18,123,170,"Kuruman 10",12,"KR10F004",17,208,0.225961538,1,1
"KR10M023","Male",2017-08-21,2018-03-18,52,113,"Kuruman 10",12,"KR10F004",17,209,0.291866029,1,1
"KR10M016","Male",2017-08-19,2018-03-18,118,147,"Kuruman 10",12,"KR10F004",17,211,0.137440758,1,1
"KR10M025","Male",2017-08-21,2018-03-19,24,84,"Kuruman 10",12,"KR10F004",17,210,0.285714286,1,1
"KR10M014","Male",2018-03-17,2018-10-02,150,141,"Kuruman 10",17,"KR10F004",16,199,-0.045226131,1,0
"KR10M016","Male",2018-03-18,2018-10-03,147,131,"Kuruman 10",17,"KR10F004",16,199,-0.08040201,1,0
"KR10M028","Male",2018-03-17,2018-10-03,100,136,"Kuruman 10",17,"KR10F004",16,200,0.18,1,0
"KR10M003","Male",2018-03-17,2018-10-03,170,162,"Kuruman 10",17,"KR10F004",16,200,-0.04,1,0
"KR10M027","Male",2018-03-19,2018-10-04,59,105,"Kuruman 10",17,"KR10F004",16,199,0.231155779,1,0
"KR10F024","Female",2018-03-18,2018-10-04,97,106,"Kuruman 10",17,"KR10F004",16,200,0.045,1,0
"KR10M023","Male",2018-03-18,2018-10-05,113,140,"Kuruman 10",17,"KR10F004",16,201,0.134328358,1,0
"KR10M029","Male",2018-03-20,2018-10-06,50,91,"Kuruman 10",17,"KR10F004",16,200,0.205,1,0
"KR10M025","Male",2018-03-19,2018-10-06,84,96,"Kuruman 10",17,"KR10F004",16,201,0.059701493,1,0
"KR10M026","Male",2018-03-19,2018-10-07,60,109,"Kuruman 10",17,"KR10F004",16,202,0.242574257,1,0
"KR10M029","Male",2018-10-06,2019-03-12,91,102,"Kuruman 10",16,"KR10F004",20,157,0.070063694,0,0
"KR10M031","Male",2018-10-05,2019-03-12,35,67,"Kuruman 10",16,"KR10F004",20,158,0.202531646,0,0
"KR10M016","Male",2018-10-03,2019-03-13,131,146,"Kuruman 10",16,"KR10F004",20,161,0.093167702,0,0
"KR10M023","Male",2018-10-05,2019-03-13,140,143,"Kuruman 10",16,"KR10F004",20,159,0.018867925,0,0
"KR10M027","Male",2018-10-04,2019-03-13,105,116,"Kuruman 10",16,"KR10F004",20,160,0.06875,0,0
"KR10M033","Male",2018-10-06,2019-03-13,33,77,"Kuruman 10",16,"KR10F004",20,158,0.278481013,0,0
"KR10M026","Male",2018-10-07,2019-03-13,109,111,"Kuruman 10",16,"KR10F004",20,157,0.012738854,0,0
"KR10F024","Female",2018-10-04,2019-03-13,106,111,"Kuruman 10",16,"KR10F004",20,160,0.03125,0,0
"KR10M028","Male",2018-10-03,2019-03-13,136,155,"Kuruman 10",16,"KR10F004",20,161,0.118012422,0,0
"KR10M003","Male",2018-10-03,2019-03-13,162,170,"Kuruman 10",16,"KR10F004",20,161,0.049689441,0,0
"KR10M030","Male",2018-10-04,2019-03-13,58,87,"Kuruman 10",16,"KR10F004",20,160,0.18125,0,0
"KR10M032","Male",2018-10-06,2019-03-13,41,65,"Kuruman 10",16,"KR10F004",20,158,0.151898734,0,0
"KR10M014","Male",2018-10-02,2019-03-14,141,151,"Kuruman 10",16,"KR10F004",20,163,0.061349693,0,0
"KR10M025","Male",2018-10-06,2019-03-14,96,112,"Kuruman 10",16,"KR10F004",20,159,0.100628931,0,0
"KR10F022","Female",2018-10-04,2019-03-16,124,127,"Kuruman 10",16,"KR10F004",20,163,0.018404908,0,0
"KR10M014","Male",2019-03-14,2019-09-09,151,134,"Kuruman 10",20,"KR10F004",19,179,-0.094972067,0,1
"KR10F022","Female",2019-03-16,2019-09-09,127,112,"Kuruman 10",20,"KR10F004",19,177,-0.084745763,0,1
"KR10M028","Male",2019-03-13,2019-09-09,155,141,"Kuruman 10",20,"KR10F004",19,180,-0.077777778,0,1
"KR10M016","Male",2019-03-13,2019-09-09,146,119,"Kuruman 10",20,"KR10F004",19,180,-0.15,0,1
"KR10M023","Male",2019-03-13,2019-09-09,143,124,"Kuruman 10",20,"KR10F004",19,180,-0.105555556,0,1
"KR10M026","Male",2019-03-13,2019-09-09,111,101,"Kuruman 10",20,"KR10F004",19,180,-0.055555556,0,1
"KR10M034","Male",2019-03-16,2019-09-09,30,53,"Kuruman 10",20,"KR10F004",19,177,0.129943503,0,1
"KR10M003","Male",2019-03-13,2019-09-10,170,138,"Kuruman 10",20,"KR10F004",19,181,-0.17679558,0,1
"KR10M031","Male",2019-03-12,2019-09-10,67,86,"Kuruman 10",20,"KR10F004",19,182,0.104395604,0,1
"KR10M030","Male",2019-03-13,2019-09-10,87,77,"Kuruman 10",20,"KR10F004",19,181,-0.055248619,0,1
"KR10M025","Male",2019-03-14,2019-09-10,112,108,"Kuruman 10",20,"KR10F004",19,180,-0.022222222,0,1
"KR10M029","Male",2019-03-12,2019-09-10,102,97,"Kuruman 10",20,"KR10F004",19,182,-0.027472527,0,1
"KR10M027","Male",2019-03-13,2019-09-10,116,113,"Kuruman 10",20,"KR10F004",19,181,-0.016574586,0,1
"KR10M035","Male",2019-03-17,2019-09-10,30,63,"Kuruman 10",20,"KR10F004",19,177,0.186440678,0,1
"KR10M033","Male",2019-03-13,2019-09-10,77,75,"Kuruman 10",20,"KR10F004",19,181,-0.011049724,0,1
"KR10M037","Male",2019-03-14,2019-09-10,66,83,"Kuruman 10",20,"KR10F004",19,180,0.094444444,0,1
"KR10M032","Male",2019-03-13,2019-09-10,65,70,"Kuruman 10",20,"KR10F004",19,181,0.027624309,0,1
"KR10F024","Female",2019-03-13,2019-09-10,111,101,"Kuruman 10",20,"KR10F004",19,181,-0.055248619,0,1
"KR10M003","Male",2019-09-10,2020-03-08,138,146,"Kuruman 10",19,"KR10F004",16,180,0.044444444,1,1
"KR10M035","Male",2019-09-10,2020-03-09,63,92,"Kuruman 10",19,"KR10F004",16,181,0.160220994,1,1
"KR10M027","Male",2019-09-10,2020-03-09,113,126,"Kuruman 10",19,"KR10F004",16,181,0.071823204,1,1
"KR10F022","Female",2019-09-09,2020-03-09,112,130,"Kuruman 10",19,"KR10F004",16,182,0.098901099,1,1
"KR10F024","Female",2019-09-10,2020-03-09,101,120,"Kuruman 10",19,"KR10F004",16,181,0.104972376,1,1
"KR10M031","Male",2019-09-10,2020-03-09,86,109,"Kuruman 10",19,"KR10F004",16,181,0.127071823,1,1
"KR10M029","Male",2019-09-10,2020-03-10,97,107,"Kuruman 10",19,"KR10F004",16,182,0.054945055,1,1
"KR10M028","Male",2019-09-09,2020-03-10,141,157,"Kuruman 10",19,"KR10F004",16,183,0.087431694,1,1
"KR10M032","Male",2019-09-10,2020-03-11,70,87,"Kuruman 10",19,"KR10F004",16,183,0.092896175,1,1
"KR10M034","Male",2019-09-09,2020-03-11,53,83,"Kuruman 10",19,"KR10F004",16,184,0.163043478,1,1
"KR10M033","Male",2019-09-10,2020-03-11,75,101,"Kuruman 10",19,"KR10F004",16,183,0.142076503,1,1
"KR10M025","Male",2019-09-10,2020-03-11,108,121,"Kuruman 10",19,"KR10F004",16,183,0.071038251,1,1
"KR10M014","Male",2019-09-09,2020-03-12,134,145,"Kuruman 10",19,"KR10F004",16,185,0.059459459,1,1
"KR10M023","Male",2019-09-09,2020-03-12,124,144,"Kuruman 10",19,"KR10F004",16,185,0.108108108,1,1
"KR10M026","Male",2019-09-09,2020-03-12,101,113,"Kuruman 10",19,"KR10F004",16,185,0.064864865,1,1
"KR11F003","Female",2017-02-21,2017-08-19,76,116,"Kuruman 11",7,"KR11F001",11,179,0.223463687,1,1
"KR11F002","Female",2017-02-20,2017-08-19,43,94,"Kuruman 11",7,"KR11F001",11,180,0.283333333,1,1
"KR11F006","Female",2017-02-22,2017-08-19,43,92,"Kuruman 11",7,"KR11F001",11,178,0.275280899,1,1
"KR11M004","Male",2017-02-21,2017-08-19,85,115,"Kuruman 11",7,"KR11F001",11,179,0.167597765,1,1
"KR11M004","Male",2017-08-19,2018-03-17,115,164,"Kuruman 11",11,"KR11F001",15,210,0.233333333,1,1
"KR11F006","Female",2017-08-19,2018-03-17,92,112,"Kuruman 11",11,"KR11F001",15,210,0.095238095,1,1
"KR11M009","Male",2017-08-20,2018-03-18,54,122,"Kuruman 11",11,"KR11F001",15,210,0.323809524,1,1
"KR11M010","Male",2017-08-20,2018-03-18,29,105,"Kuruman 11",11,"KR11F001",15,210,0.361904762,1,1
"KR11F007","Female",2017-08-19,2018-03-18,53,98,"Kuruman 11",11,"KR11F001",15,211,0.213270142,1,1
"KR11M011","Male",2017-08-20,2018-03-18,28,92,"Kuruman 11",11,"KR11F001",15,210,0.304761905,1,1
"KR11F002","Female",2017-08-19,2018-03-18,94,119,"Kuruman 11",11,"KR11F001",15,211,0.118483412,1,1
"KR11F008","Female",2017-08-20,2018-03-18,57,107,"Kuruman 11",11,"KR11F001",15,210,0.238095238,1,1
"KR11F003","Female",2017-08-19,2018-03-19,116,133,"Kuruman 11",11,"KR11F001",15,212,0.080188679,1,1
"KR11F006","Female",2018-03-17,2018-10-02,112,137,"Kuruman 11",15,"KR11F001",16,199,0.125628141,1,0
"KR11F015","Female",2018-03-20,2018-10-02,49,91,"Kuruman 11",15,"KR11F001",16,196,0.214285714,1,0
"KR11M012","Female",2018-03-18,2018-10-03,45,89,"Kuruman 11",15,"KR11F001",16,199,0.221105528,1,0
"KR11M011","Male",2018-03-18,2018-10-03,92,117,"Kuruman 11",15,"KR11F001",16,199,0.125628141,1,0
"KR11M009","Male",2018-03-18,2018-10-03,122,152,"Kuruman 11",15,"KR11F001",16,199,0.150753769,1,0
"KR11F002","Female",2018-03-18,2018-10-03,119,119,"Kuruman 11",15,"KR11F001",16,199,0,1,0
"KR11F008","Female",2018-03-18,2018-10-04,107,121,"Kuruman 11",15,"KR11F001",16,200,0.07,1,0
"KR11F007","Female",2018-03-18,2018-10-05,98,123,"Kuruman 11",15,"KR11F001",16,201,0.124378109,1,0
"KR11M004","Male",2018-03-17,2018-10-06,164,170,"Kuruman 11",15,"KR11F001",16,203,0.02955665,1,0
"KR11F008","Female",2018-10-04,2019-03-13,121,122,"Kuruman 11",16,NA,22,160,0.00625,0,0
"KR11F016","Female",2018-10-03,2019-03-13,47,79,"Kuruman 11",16,NA,22,161,0.198757764,0,0
"KR11F007","Female",2018-10-05,2019-03-13,123,128,"Kuruman 11",16,NA,22,159,0.031446541,0,0
"KR11M011","Male",2018-10-03,2019-03-13,117,139,"Kuruman 11",16,NA,22,161,0.136645963,0,0
"KR11M012","Female",2018-10-03,2019-03-13,89,100,"Kuruman 11",16,NA,22,161,0.068322981,0,0
"KR11F006","Female",2018-10-02,2019-03-13,137,142,"Kuruman 11",16,NA,22,162,0.030864198,0,0
"KR11M009","Male",2018-10-03,2019-03-13,152,183,"Kuruman 11",16,NA,22,161,0.192546584,0,0
"KR11F013","Female",2018-10-07,2019-03-13,77,92,"Kuruman 11",16,NA,22,157,0.095541401,0,0
"KR11F019","Female",2018-10-03,2019-03-14,49,80,"Kuruman 11",16,NA,22,162,0.191358025,0,0
"KR11F002","Female",2018-10-03,2019-03-14,119,133,"Kuruman 11",16,NA,22,162,0.086419753,0,0
"KR11M017","Male",2018-10-04,2019-03-14,54,92,"Kuruman 11",16,NA,22,161,0.236024845,0,0
"KR11M004","Male",2018-10-06,2019-03-14,170,178,"Kuruman 11",16,NA,22,159,0.050314465,0,0
"KR11M014","Male",2018-03-20,2019-03-14,48,111,"Kuruman 11",15,"KR11F001",22,359,0.175487465,1,0
"KR11F015","Female",2018-10-02,2019-03-14,91,115,"Kuruman 11",16,NA,22,163,0.147239264,0,0
"KR11F019","Female",2019-03-14,2019-09-23,80,74,"Kuruman 11",22,"KR11F001",20,193,-0.031088083,0,1
"KR11M023","Male",2019-03-14,2019-09-23,50,66,"Kuruman 11",22,"KR11F001",20,193,0.082901554,0,1
"KR11F006","Female",2019-03-13,2019-09-23,142,121,"Kuruman 11",22,"KR11F001",20,194,-0.108247423,0,1
"KR11M017","Male",2019-03-14,2019-09-23,92,87,"Kuruman 11",22,"KR11F001",20,193,-0.025906736,0,1
"KR11F015","Female",2019-03-14,2019-09-24,115,99,"Kuruman 11",22,"KR11F001",20,194,-0.082474227,0,1
"KR11F016","Female",2019-03-13,2019-09-24,79,74,"Kuruman 11",22,"KR11F001",20,195,-0.025641026,0,1
"KR11F021","Female",2019-03-13,2019-09-24,70,70,"Kuruman 11",22,"KR11F001",20,195,0,0,1
"KR11M011","Male",2019-03-13,2019-09-24,139,117,"Kuruman 11",22,"KR11F001",20,195,-0.112820513,0,1
"KR11M009","Male",2019-03-13,2019-09-24,183,137,"Kuruman 11",22,"KR11F001",20,195,-0.235897436,0,1
"KR11F008","Female",2019-03-13,2019-09-25,122,111,"Kuruman 11",22,"KR11F001",20,196,-0.056122449,0,1
"KR11M020","Male",2019-03-13,2019-09-25,79,82,"Kuruman 11",22,"KR11F001",20,196,0.015306122,0,1
"KR11F022","Female",2019-03-14,2019-09-25,55,71,"Kuruman 11",22,"KR11F001",20,195,0.082051282,0,1
"KR11M004","Male",2019-03-14,2019-09-25,178,147,"Kuruman 11",22,"KR11F001",20,195,-0.158974359,0,1
"KR11M014","Male",2019-03-14,2019-09-25,111,101,"Kuruman 11",22,"KR11F001",20,195,-0.051282051,0,1
"KR11M012","Female",2019-03-13,2019-09-25,100,90,"Kuruman 11",22,"KR11F001",20,196,-0.051020408,0,1
"KR11F013","Female",2019-03-13,2019-09-26,92,79,"Kuruman 11",22,"KR11F001",20,197,-0.065989848,0,1
"KR11M010","Male",2019-03-14,2019-09-26,159,133,"Kuruman 11",22,"KR11F001",20,196,-0.132653061,0,1
"KR11M024","Male",2019-03-14,2019-09-27,46,64,"Kuruman 11",22,"KR11F001",20,197,0.091370558,0,1
"KR11M009","Male",2019-09-24,2020-03-30,137,126,"Kuruman 11",20,"KR11F001",17,188,-0.058510638,1,1
"KR11M012","Female",2019-09-25,2020-03-30,90,90,"Kuruman 11",20,"KR11F001",17,187,0,1,1
"KR11M014","Male",2019-09-25,2020-03-30,101,93,"Kuruman 11",20,"KR11F001",17,187,-0.042780749,1,1
"KR11F021","Female",2019-09-24,2020-03-31,70,75,"Kuruman 11",20,"KR11F001",17,189,0.026455026,1,1
"KR11M017","Male",2019-09-23,2020-03-31,87,82,"Kuruman 11",20,"KR11F001",17,190,-0.026315789,1,1
"KR11F013","Female",2019-09-26,2020-03-31,79,84,"Kuruman 11",20,"KR11F001",17,187,0.026737968,1,1
"KR11F019","Female",2019-09-23,2020-03-31,74,78,"Kuruman 11",20,"KR11F001",17,190,0.021052632,1,1
"KR11M023","Male",2019-09-23,2020-03-31,66,65,"Kuruman 11",20,"KR11F001",17,190,-0.005263158,1,1
"KR11F015","Female",2019-09-24,2020-03-31,99,104,"Kuruman 11",20,"KR11F001",17,189,0.026455026,1,1
"KR11F008","Female",2019-09-25,2020-04-01,111,104,"Kuruman 11",20,"KR11F001",17,189,-0.037037037,1,1
"KR11F022","Female",2019-09-25,2020-04-01,71,76,"Kuruman 11",20,"KR11F001",17,189,0.026455026,1,1
"KR11M010","Male",2019-09-26,2020-04-01,133,132,"Kuruman 11",20,"KR11F001",17,188,-0.005319149,1,1
"KR11F016","Female",2019-09-24,2020-04-01,74,85,"Kuruman 11",20,"KR11F001",17,190,0.057894737,1,1
"KR11M004","Male",2019-09-25,2020-04-01,147,135,"Kuruman 11",20,"KR11F001",17,189,-0.063492063,1,1
"KR11M011","Male",2019-09-24,2020-04-01,117,112,"Kuruman 11",20,"KR11F001",17,190,-0.026315789,1,1
"KR13M005","Male",2014-01-23,2014-08-05,105,139,"Kuruman 13",26,"KR13F013",21,194,0.175257732,1,1
"KR13M008","Male",2014-01-23,2014-08-05,113,136,"Kuruman 13",26,"KR13F013",21,194,0.118556701,1,1
"KR13M022","Male",2014-01-26,2014-08-05,100,121,"Kuruman 13",26,"KR13F013",21,191,0.109947644,1,1
"KR13F006","Female",2014-01-23,2014-08-06,108,105,"Kuruman 13",26,"KR13F013",21,195,-0.015384615,1,1
"KR13F016","Female",2014-01-24,2014-08-06,95,118,"Kuruman 13",26,"KR13F013",21,194,0.118556701,1,1
"KR13F019","Female",2014-01-25,2014-08-06,78,117,"Kuruman 13",26,"KR13F013",21,193,0.202072539,1,1
"KR13F020","Female",2014-01-25,2014-08-06,31,102,"Kuruman 13",26,"KR13F013",21,193,0.367875648,1,1
"KR13F021","Female",2014-01-26,2014-08-06,74,90,"Kuruman 13",26,"KR13F013",21,192,0.083333333,1,1
"KR13M004","Male",2014-01-23,2014-08-06,210,191,"Kuruman 13",26,"KR13F013",21,195,-0.097435897,1,1
"KR13M012","Male",2014-01-24,2014-08-06,104,130,"Kuruman 13",26,"KR13F013",21,194,0.134020619,1,1
"KR13M015","Male",2014-01-24,2014-08-06,89,106,"Kuruman 13",26,"KR13F013",21,194,0.087628866,1,1
"KR13M024","Male",2014-01-27,2014-08-06,33,99,"Kuruman 13",26,"KR13F013",21,191,0.345549738,1,1
"KR13M026","Male",2014-01-28,2014-08-07,35,97,"Kuruman 13",26,"KR13F013",21,191,0.32460733,1,1
"KR13F019","Female",2014-08-06,2015-02-10,117,129,"Kuruman 13",21,"KR13F013",23,188,0.063829787,1,1
"KR13F020","Female",2014-08-06,2015-02-10,102,108,"Kuruman 13",21,"KR13F013",23,188,0.031914894,1,1
"KR13F027","Female",2014-08-08,2015-02-10,35,82,"Kuruman 13",21,"KR13F013",23,186,0.252688172,1,1
"KR13F028","Female",2014-08-08,2015-02-10,33,81,"Kuruman 13",21,"KR13F013",23,186,0.258064516,1,1
"KR13M004","Male",2014-08-06,2015-02-10,191,197,"Kuruman 13",21,"KR13F013",23,188,0.031914894,1,1
"KR13M005","Male",2014-08-05,2015-02-10,139,164,"Kuruman 13",21,"KR13F013",23,189,0.132275132,1,1
"KR13M022","Male",2014-08-05,2015-02-10,121,148,"Kuruman 13",21,"KR13F013",23,189,0.142857143,1,1
"KR13M024","Male",2014-08-06,2015-02-10,99,128,"Kuruman 13",21,"KR13F013",23,188,0.154255319,1,1
"KR13M026","Male",2014-08-07,2015-02-10,97,123,"Kuruman 13",21,"KR13F013",23,187,0.139037433,1,1
"KR13M030","Male",2014-08-08,2015-02-10,39,86,"Kuruman 13",21,"KR13F013",23,186,0.252688172,1,1
"KR13M015","Male",2014-08-06,2015-02-10,106,126,"Kuruman 13",21,"KR13F013",23,188,0.106382979,1,1
"KR13M008","Male",2014-08-05,2015-02-11,136,155,"Kuruman 13",21,"KR13F013",23,190,0.1,1,1
"KR13M012","Male",2014-08-06,2015-02-11,130,140,"Kuruman 13",21,"KR13F013",23,189,0.052910053,1,1
"KR13M031","Male",2014-08-08,2015-02-11,35,84,"Kuruman 13",21,"KR13F013",23,187,0.262032086,1,1
"KR13M030","Male",2015-02-10,2015-09-20,86,137,"Kuruman 13",23,"KR13F013",22,222,0.22972973,1,1
"KR13M031","Male",2015-02-11,2015-09-20,84,140,"Kuruman 13",23,"KR13F013",22,221,0.253393665,1,1
"KR13F019","Female",2015-02-10,2015-09-22,129,147,"Kuruman 13",23,"KR13F013",22,224,0.080357143,1,1
"KR13F037","Female",2015-02-13,2015-09-22,19,65,"Kuruman 13",23,"KR13F013",22,221,0.208144796,1,1
"KR13M033","Male",2015-02-11,2015-09-22,23,81,"Kuruman 13",23,"KR13F013",22,223,0.260089686,1,1
"KR13F034","Female",2015-02-12,2015-09-22,28,82,"Kuruman 13",23,"KR13F013",22,222,0.243243243,1,1
"KR13M032","Male",2015-02-12,2015-09-23,29,96,"Kuruman 13",23,"KR13F013",22,223,0.30044843,1,1
"KR13M036","Male",2015-02-13,2015-09-23,22,81,"Kuruman 13",23,"KR13F013",22,222,0.265765766,1,1
"KR13F028","Female",2015-02-10,2015-09-23,81,100,"Kuruman 13",23,"KR13F013",22,225,0.084444444,1,1
"KR13F035","Female",2015-02-12,2015-09-24,22,77,"Kuruman 13",23,"KR13F013",22,224,0.245535714,1,1
"KR13M004","Male",2015-02-10,2015-09-24,197,193,"Kuruman 13",23,"KR13F013",22,226,-0.017699115,1,1
"KR13F043","Female",2015-09-22,2016-04-12,59,79,"Kuruman 13",22,"KR13F013",24,203,0.098522167,1,1
"KR13M032","Male",2015-09-23,2016-04-12,96,130,"Kuruman 13",22,"KR13F013",24,202,0.168316832,1,1
"KR13M033","Male",2015-09-22,2016-04-12,81,122,"Kuruman 13",22,"KR13F013",24,203,0.201970443,1,1
"KR13F040","Female",2015-09-21,2016-04-12,74,98,"Kuruman 13",22,"KR13F013",24,204,0.117647059,1,1
"KR13M030","Male",2015-09-20,2016-04-12,137,157,"Kuruman 13",22,"KR13F013",24,205,0.097560976,1,1
"KR13M029","Male",2015-09-22,2016-04-12,147,178,"Kuruman 13",22,"KR13F013",24,203,0.15270936,1,1
"KR13M041","Male",2015-09-22,2016-04-13,35,93,"Kuruman 13",22,"KR13F013",24,204,0.284313725,1,1
"KR13M036","Male",2015-09-23,2016-04-13,81,117,"Kuruman 13",22,"KR13F013",24,203,0.177339901,1,1
"KR13F034","Female",2015-09-22,2016-04-13,82,108,"Kuruman 13",22,"KR13F013",24,204,0.12745098,1,1
"KR13F042","Female",2015-09-22,2016-04-13,67,83,"Kuruman 13",22,"KR13F013",24,204,0.078431373,1,1
"KR13M004","Male",2015-09-24,2016-04-13,193,196,"Kuruman 13",22,"KR13F013",24,202,0.014851485,1,1
"KR13F039","Female",2015-09-21,2016-04-13,76,92,"Kuruman 13",22,"KR13F013",24,205,0.07804878,1,1
"KR13F037","Female",2015-09-22,2016-04-13,65,84,"Kuruman 13",22,"KR13F013",24,204,0.093137255,1,1
"KR13F038","Female",2015-09-21,2016-04-14,32,79,"Kuruman 13",22,"KR13F013",24,206,0.22815534,1,1
"KR13F035","Female",2015-09-24,2016-04-14,77,91,"Kuruman 13",22,"KR13F013",24,203,0.068965517,1,1
"KR13M045","Male",2016-04-12,2017-01-23,65,161,"Kuruman 13",24,"KR13F013",13,286,0.335664336,1,1
"KR13M004","Male",2016-04-13,2017-01-24,196,218,"Kuruman 13",24,"KR13F013",13,286,0.076923077,1,1
"KR13M051","Male",2016-04-16,2017-01-24,51,134,"Kuruman 13",24,"KR13F013",13,283,0.293286219,1,1
"KR13F050","Female",2016-04-14,2017-01-24,19,100,"Kuruman 13",24,"KR13F013",13,285,0.284210526,1,1
"KR13M041","Male",2016-04-13,2017-01-24,93,178,"Kuruman 13",24,"KR13F013",13,286,0.297202797,1,1
"KR13M049","Male",2016-04-14,2017-01-25,20,135,"Kuruman 13",24,"KR13F013",13,286,0.402097902,1,1
"KR13M046","Male",2016-04-13,2017-01-26,68,145,"Kuruman 13",24,"KR13F013",13,288,0.267361111,1,1
"KR13F055","Female",2017-01-24,2017-08-16,74,103,"Kuruman 13",13,NA,2,204,0.142156863,1,1
"L18F014","Female",2016-03-01,2016-05-30,100,105,"Lonely 18",5,"L18F002",1,90,0.055555556,1,1
"L18F014","Female",2016-05-30,2017-01-31,105,119,"Kuruman 14",1,NA,1,246,0.056910569,1,1
"L18F014","Female",2017-01-31,2017-08-09,119,107,"Kuruman 14",1,NA,1,190,-0.063157895,1,1
"L18F014","Female",2017-08-09,2018-04-13,107,119,"Kuruman 14",1,NA,1,247,0.048582996,1,1
"KR13F037","Female",2016-04-13,2016-09-06,84,93,"Kuruman 13",24,"KR13F013",1,146,0.061643836,1,1
"KR13F037","Female",2016-09-06,2017-03-08,93,109,"Kuruman 15",1,NA,1,183,0.087431694,1,1
"KR13F037","Female",2017-03-08,2017-09-13,109,107,"Kuruman 15",1,NA,1,189,-0.010582011,1,1
"KR19M006","Male",2017-02-14,2017-08-01,25,67,"Kuruman 19",8,"KR13F017",7,168,0.25,1,1
"KR19M002","Male",2017-02-13,2017-08-02,22,64,"Kuruman 19",8,"KR13F017",7,170,0.247058824,1,1
"KR19F003","Female",2017-02-14,2017-08-03,22,55,"Kuruman 19",8,"KR13F017",7,170,0.194117647,1,1
"KR19F001","Female",2017-02-14,2017-08-03,64,83,"Kuruman 19",8,"KR13F017",7,170,0.111764706,1,1
"KR19M004","Male",2017-02-14,2017-08-03,75,87,"Kuruman 19",8,"KR13F017",7,170,0.070588235,1,1
"KR19M006","Male",2017-08-01,2018-05-23,67,96,"Kuruman 19",7,"KR13F017",8,295,0.098305085,1,1
"KR19F003","Female",2017-08-03,2018-05-24,55,77,"Kuruman 19",7,"KR13F017",8,294,0.074829932,1,1
"KR19F009","Female",2018-05-24,2018-11-14,91,103,"Kuruman 19",8,"KR13F017",6,174,0.068965517,1,0
"KR19M006","Male",2018-05-23,2018-11-15,96,115,"Kuruman 19",8,"KR13F017",6,176,0.107954545,1,0
"KR19F007","Female",2018-05-23,2018-11-18,69,82,"Kuruman 19",8,"KR13F017",6,179,0.072625698,1,0
"KR19F007","Female",2018-11-18,2019-03-25,82,88,"Kuruman 19",6,"KR13F017",9,127,0.047244094,0,0
"KR19M006","Male",2018-11-15,2019-03-25,115,119,"Kuruman 19",6,"KR13F017",9,130,0.030769231,0,0
"KR19M008","Male",2018-05-23,2019-03-27,60,100,"Kuruman 19",8,"KR13F017",9,308,0.12987013,1,0
"KR19F009","Female",2018-11-14,2019-03-27,103,110,"Kuruman 19",6,"KR13F017",9,133,0.052631579,0,0
"KR19F003","Female",2018-05-24,2019-03-28,77,93,"Kuruman 19",8,"KR13F017",9,308,0.051948052,1,0
"KR19F007","Female",2019-03-25,2019-11-15,88,89,"Kuruman 19",9,"KR13F017",12,235,0.004255319,0,1
"KR19M011","Male",2018-11-18,2019-11-17,67,101,"Kuruman 19",6,"KR13F017",12,364,0.093406593,0,1
"KR19F012","Female",2019-03-28,2019-11-18,85,94,"Kuruman 19",9,"KR13F017",12,235,0.038297872,0,1
"KR19M005","Male",2019-03-25,2019-11-18,107,120,"Kuruman 19",9,"KR13F017",12,238,0.054621849,0,1
"KR19F009","Female",2019-03-27,2019-11-18,110,113,"Kuruman 19",9,"KR13F017",12,236,0.012711864,0,1
"KR19M006","Male",2019-03-25,2019-11-20,119,117,"Kuruman 19",9,"KR13F017",12,240,-0.008333333,0,1
"KR19F015","Female",2019-11-17,2020-04-28,75,72,"Kuruman 19",12,"KR13F017",10,163,-0.018404908,1,0
"KR19M014","Male",2019-11-16,2020-04-28,64,74,"Kuruman 19",12,"KR13F017",10,164,0.06097561,1,0
"KR19F007","Female",2019-11-15,2020-04-28,89,86,"Kuruman 19",12,"KR13F017",10,165,-0.018181818,1,0
"KR19M011","Male",2019-11-17,2020-04-28,101,90,"Kuruman 19",12,"KR13F017",10,163,-0.067484663,1,0
"KR19F009","Female",2019-11-18,2020-04-28,113,104,"Kuruman 19",12,"KR13F017",10,162,-0.055555556,1,0
"KR19M006","Male",2019-11-20,2020-04-28,117,111,"Kuruman 19",12,"KR13F017",10,160,-0.0375,1,0
"KR19M016","Male",2019-11-17,2020-04-29,54,66,"Kuruman 19",12,"KR13F017",10,164,0.073170732,1,0
"KR19M005","Male",2019-11-18,2020-04-30,120,106,"Kuruman 19",12,"KR13F017",10,164,-0.085365854,1,0
"KR2F001","Female",2014-01-31,2014-07-27,169,151,"Kuruman 2",1,NA,1,177,-0.101694915,1,1
"KR2F001","Female",2014-07-27,2015-02-17,151,158,"Kuruman 2",1,NA,1,205,0.034146341,1,1
"KR2F001","Female",2015-02-17,2015-10-15,158,169,"Kuruman 2",1,NA,1,240,0.045833333,1,1
"KR20M002","Male",2017-01-19,2017-08-01,26,77,"Kuruman 20",7,"KR8F003",10,194,0.262886598,1,1
"KR20M005","Male",2017-01-18,2017-08-01,29,95,"Kuruman 20",7,"KR8F003",10,195,0.338461538,1,1
"KR20M001","Male",2017-01-17,2017-08-02,79,108,"Kuruman 20",7,"KR8F003",10,197,0.147208122,1,1
"KR20M003","Male",2017-01-19,2017-08-02,26,86,"Kuruman 20",7,"KR8F003",10,195,0.307692308,1,1
"KR20M004","Male",2017-01-19,2017-08-02,29,80,"Kuruman 20",7,"KR8F003",10,195,0.261538462,1,1
"KR20M002","Male",2017-08-01,2018-05-09,77,117,"Kuruman 20",10,"KR8F003",13,281,0.142348754,1,0
"KR20M008","Male",2017-08-03,2018-05-10,48,98,"Kuruman 20",10,"KR8F003",13,280,0.178571429,1,0
"KR20M005","Male",2017-08-01,2018-05-10,95,140,"Kuruman 20",10,"KR8F003",13,282,0.159574468,1,0
"KR20M003","Male",2017-08-02,2018-05-11,86,134,"Kuruman 20",10,"KR8F003",13,282,0.170212766,1,0
"KR20M006","Male",2017-08-02,2018-05-11,48,98,"Kuruman 20",10,"KR8F003",13,282,0.177304965,1,0
"KR20F007","Female",2017-08-02,2018-05-11,46,91,"Kuruman 20",10,"KR8F003",13,282,0.159574468,1,0
"KR20M005","Male",2018-05-10,2018-09-21,140,142,"Kuruman 20",13,"KR8F003",14,134,0.014925373,0,1
"KR20F013","Female",2018-05-09,2018-09-21,71,78,"Kuruman 20",13,"KR8F003",14,135,0.051851852,0,1
"KR20M002","Male",2018-05-09,2018-09-21,117,109,"Kuruman 20",13,"KR8F003",14,135,-0.059259259,0,1
"KR20M006","Male",2018-05-11,2018-09-22,98,100,"Kuruman 20",13,"KR8F003",14,134,0.014925373,0,1
"KR20F009","Female",2018-05-13,2018-09-22,60,80,"Kuruman 20",13,"KR8F003",14,132,0.151515152,0,1
"KR20M003","Male",2018-05-11,2018-09-22,134,130,"Kuruman 20",13,"KR8F003",14,134,-0.029850746,0,1
"KR20F011","Female",2018-05-12,2018-09-22,80,99,"Kuruman 20",13,"KR8F003",14,133,0.142857143,0,1
"KR20M010","Male",2018-05-13,2018-09-23,69,100,"Kuruman 20",13,"KR8F003",14,133,0.233082707,0,1
"KR20F012","Female",2018-05-12,2018-09-23,58,84,"Kuruman 20",13,"KR8F003",14,134,0.194029851,0,1
"KR20F007","Female",2018-05-11,2018-09-23,91,104,"Kuruman 20",13,"KR8F003",14,135,0.096296296,0,1
"KR20M008","Male",2018-05-10,2018-09-26,98,113,"Kuruman 20",13,"KR8F003",14,139,0.107913669,0,1
"KR20M005","Male",2018-09-21,2019-03-25,142,160,"Kuruman 20",14,"KR8F003",17,185,0.097297297,1,1
"KR20M010","Male",2018-09-23,2019-03-25,100,128,"Kuruman 20",14,"KR8F003",17,183,0.153005464,1,1
"KR20F012","Female",2018-09-23,2019-03-25,84,93,"Kuruman 20",14,"KR8F003",17,183,0.049180328,1,1
"KR20M002","Male",2018-09-21,2019-03-25,109,135,"Kuruman 20",14,"KR8F003",17,185,0.140540541,1,1
"KR20F013","Female",2018-09-21,2019-03-26,78,100,"Kuruman 20",14,"KR8F003",17,186,0.11827957,1,1
"KR20M014","Male",2018-09-22,2019-03-26,55,96,"Kuruman 20",14,"KR8F003",17,185,0.221621622,1,1
"KR20F011","Female",2018-09-22,2019-03-26,99,115,"Kuruman 20",14,"KR8F003",17,185,0.086486486,1,1
"KR20F009","Female",2018-09-22,2019-03-27,80,87,"Kuruman 20",14,"KR8F003",17,186,0.037634409,1,1
"KR20M008","Male",2018-09-26,2019-03-27,113,147,"Kuruman 20",14,"KR8F003",17,182,0.186813187,1,1
"KR20M006","Male",2018-09-22,2019-03-27,100,135,"Kuruman 20",14,"KR8F003",17,186,0.188172043,1,1
"KR21F001","Female",2015-02-27,2015-10-11,104,109,"Kuruman 21",1,NA,1,226,0.022123894,1,1
"KR21F001","Female",2015-10-11,2016-04-17,109,108,"Kuruman 21",1,NA,1,189,-0.005291005,1,1
"KR21F001","Female",2016-04-17,2017-01-16,108,115,"Kuruman 21",1,NA,1,274,0.025547445,1,1
"KR21F001","Female",2017-01-16,2017-07-31,115,113,"Kuruman 21",1,NA,1,196,-0.010204082,1,1
"KR21F001","Female",2017-07-31,2018-04-25,113,113,"Kuruman 21",1,NA,1,268,0,1,1
"KR21F001","Female",2018-04-25,2018-10-01,113,106,"Kuruman 21",1,NA,1,159,-0.044025157,1,1
"KR21F001","Female",2018-10-01,2019-03-21,106,102,"Kuruman 21",1,NA,1,171,-0.023391813,1,1
"KR21F001","Female",2019-03-21,2020-03-06,102,108,"Kuruman 21",1,NA,1,351,0.017094017,1,1
"KR1F014","Female",2015-09-27,2016-03-17,144,142,"Kuruman 22",1,NA,1,172,-0.011627907,1,1
"KR1F014","Female",2016-03-17,2017-02-13,142,154,"Kuruman 22",1,NA,1,333,0.036036036,1,1
"KR13F016","Female",2015-09-27,2016-04-17,144,153,"Kuruman 23",1,NA,1,203,0.044334975,1,1
"KR13F016","Female",2016-04-17,2017-01-17,153,156,"Kuruman 23",1,NA,1,275,0.010909091,1,1
"KR13F016","Female",2017-01-17,2017-08-02,156,152,"Kuruman 23",1,NA,1,197,-0.020304569,1,1
"KR24F002","Female",2019-09-23,2020-03-30,105,123,"Kuruman 24",3,"KR1F015",3,189,0.095238095,1,1
"KR24M003","Male",2019-09-25,2020-03-30,153,173,"Kuruman 24",3,"KR1F015",3,187,0.106951872,1,1
"L13F005","Female",2016-02-04,2017-01-16,129,127,"Kuruman 25",1,NA,1,347,-0.005763689,1,1
"L13F005","Female",2017-01-16,2017-07-31,127,119,"Kuruman 25",1,NA,1,196,-0.040816327,1,1
"L13F005","Female",2017-07-31,2018-04-25,119,119,"Kuruman 25",1,NA,1,268,0,1,1
"L13F005","Female",2018-04-25,2019-03-23,119,121,"Kuruman 25",1,NA,1,332,0.006024096,1,1
"L13F005","Female",2019-03-23,2020-03-05,121,114,"Kuruman 25",1,NA,1,348,-0.020114943,1,1
"KR26M003","Male",2017-01-31,2017-08-07,58,98,"Kuruman 26",5,"KR13F025",9,188,0.212765957,1,1
"KR26M001","Male",2017-01-31,2017-08-07,62,109,"Kuruman 26",5,"KR13F025",9,188,0.25,1,1
"KR26F002","Female",2017-01-30,2017-08-08,52,80,"Kuruman 26",5,"KR13F025",9,190,0.147368421,1,1
"KR26F002","Female",2017-08-08,2018-03-29,80,98,"Kuruman 26",9,"KR13F025",15,233,0.077253219,1,1
"KR26F005","Female",2017-08-07,2018-03-29,58,111,"Kuruman 26",9,"KR13F025",15,234,0.226495726,1,1
"KR26M006","Male",2017-08-08,2018-03-30,80,129,"Kuruman 26",9,"KR13F025",15,234,0.209401709,1,1
"KR26F004","Female",2017-08-07,2018-03-30,66,103,"Kuruman 26",9,"KR13F025",15,235,0.157446809,1,1
"KR26F007","Female",2017-08-09,2018-03-30,59,96,"Kuruman 26",9,"KR13F025",15,233,0.158798283,1,1
"KR26M003","Male",2017-08-07,2018-03-31,98,150,"Kuruman 26",9,"KR13F025",15,236,0.220338983,1,1
"KR26M001","Male",2017-08-07,2018-04-01,109,150,"Kuruman 26",9,"KR13F025",15,237,0.172995781,1,1
"KR26F013","Female",2018-03-31,2018-11-06,49,87,"Kuruman 26",15,"KR13F025",9,220,0.172727273,1,0
"KR26M008","Male",2018-03-30,2018-11-07,79,99,"Kuruman 26",15,"KR13F025",9,222,0.09009009,1,0
"KR26F012","Female",2018-03-31,2018-11-07,69,88,"Kuruman 26",15,"KR13F025",9,221,0.085972851,1,0
"KR26F011","Female",2018-03-30,2018-11-07,48,85,"Kuruman 26",15,"KR13F025",9,222,0.166666667,1,0
"KR26F011","Female",2018-11-07,2019-10-17,85,108,"Kuruman 26",9,"KR13F025",13,344,0.066860465,0,1
"KR26M015","Male",2018-11-07,2019-10-17,74,137,"Kuruman 26",9,"KR13F025",13,344,0.183139535,0,1
"KR26F013","Female",2018-11-06,2019-10-17,87,118,"Kuruman 26",9,"KR13F025",13,345,0.089855072,0,1
"KR26M014","Male",2018-11-06,2019-10-18,58,126,"Kuruman 26",9,"KR13F025",13,346,0.196531792,0,1
"KR26F011","Female",2019-10-17,2020-05-04,108,116,"Kuruman 26",13,"KR13F025",11,200,0.04,1,1
"KR26M017","Male",2019-10-17,2020-05-04,93,124,"Kuruman 26",13,"KR13F025",11,200,0.155,1,1
"KR26F013","Female",2019-10-17,2020-05-04,118,135,"Kuruman 26",13,"KR13F025",11,200,0.085,1,1
"KR26M018","Male",2019-10-18,2020-05-04,82,106,"Kuruman 26",13,"KR13F025",11,199,0.120603015,1,1
"KR26F021","Female",2019-10-19,2020-05-04,36,67,"Kuruman 26",13,"KR13F025",11,198,0.156565657,1,1
"KR26F024","Female",2019-10-20,2020-05-04,81,83,"Kuruman 26",13,"KR13F025",11,197,0.010152284,1,1
"KR26M019","Male",2019-10-18,2020-05-04,78,86,"Kuruman 26",13,"KR13F025",11,199,0.040201005,1,1
"KR26F022","Female",2019-10-20,2020-05-04,79,91,"Kuruman 26",13,"KR13F025",11,197,0.060913706,1,1
"KR26M020","Male",2019-10-19,2020-05-04,27,66,"Kuruman 26",13,"KR13F025",11,198,0.196969697,1,1
"KR26F023","Female",2019-10-20,2020-05-04,36,71,"Kuruman 26",13,"KR13F025",11,197,0.177664975,1,1
"KR13F006","Female",2015-09-20,2016-04-13,138,128,"Kuruman 13",22,"KR13F013",1,206,-0.048543689,1,1
"KR27M001","Male",2016-07-25,2017-02-05,61,106,"Kuruman 27",3,"KR13F006",11,195,0.230769231,1,1
"KR27M001","Male",2017-02-05,2017-08-07,106,123,"Kuruman 27",11,"KR13F006",12,183,0.092896175,1,1
"KR27F002","Female",2017-02-05,2017-08-08,64,107,"Kuruman 27",11,"KR13F006",12,184,0.233695652,1,1
"KR27F008","Female",2017-02-06,2017-08-08,63,92,"Kuruman 27",11,"KR13F006",12,183,0.158469945,1,1
"KR13M029","Male",2017-02-05,2017-08-09,176,163,"Kuruman 27",11,"KR13F006",12,185,-0.07027027,1,1
"KR27M006","Male",2017-02-07,2017-08-09,34,89,"Kuruman 27",11,"KR13F006",12,183,0.300546448,1,1
"KR27M004","Male",2017-02-06,2017-08-09,28,85,"Kuruman 27",11,"KR13F006",12,184,0.309782609,1,1
"KR27F003","Female",2017-02-06,2017-08-10,54,97,"Kuruman 27",11,"KR13F006",12,185,0.232432432,1,1
"KR27M005","Male",2017-02-06,2017-08-11,59,112,"Kuruman 27",11,"KR13F006",12,186,0.284946237,1,1
"KR27M009","Male",2017-08-10,2018-04-07,69,110,"Kuruman 27",12,"KR13F006",16,240,0.170833333,1,0
"KR27M006","Male",2017-08-09,2018-04-09,89,148,"Kuruman 27",12,"KR13F006",16,243,0.242798354,1,0
"KR27M005","Male",2017-08-11,2018-04-10,112,166,"Kuruman 27",12,"KR13F006",16,242,0.223140496,1,0
"KR27F010","Female",2017-08-11,2018-04-11,53,92,"Kuruman 27",12,"KR13F006",16,243,0.160493827,1,0
"KR27M014","Male",2018-04-07,2018-11-25,49,131,"Kuruman 27",16,"KR13F006",8,232,0.353448276,0,0
"KR27F013","Female",2018-04-06,2018-11-27,34,97,"Kuruman 27",16,"KR13F006",8,235,0.268085106,0,0
"KR27M015","Male",2018-04-09,2018-11-28,71,126,"Kuruman 27",16,"KR13F006",8,233,0.236051502,0,0
"KR27M017","Male",2018-04-10,2018-11-28,29,114,"Kuruman 27",16,"KR13F006",8,232,0.36637931,0,0
"KR27F012","Female",2018-04-07,2018-11-29,27,90,"Kuruman 27",16,"KR13F006",8,236,0.266949153,0,0
"KR27F012","Female",2018-11-29,2019-09-16,90,111,"Kuruman 27",8,"KR13F006",6,291,0.072164948,0,0
"KR27F013","Female",2018-11-27,2019-09-17,97,107,"Kuruman 27",8,"KR13F006",6,294,0.034013605,0,0
"KR13M029","Male",2018-11-28,2019-09-18,194,174,"Kuruman 27",8,"KR13F006",6,294,-0.068027211,0,0
"KR27M009","Male",2019-09-21,2020-05-06,165,149,"Kuruman 27",6,"KR13F006",8,228,-0.070175439,0,1
"KR27F013","Female",2019-09-17,2020-05-06,107,92,"Kuruman 27",6,"KR13F006",8,232,-0.064655172,0,1
"KR13M029","Male",2019-09-18,2020-05-06,174,181,"Kuruman 27",6,"KR13F006",8,231,0.03030303,0,1
"KR13M046","Male",2017-10-23,2018-04-21,157,170,"Kuruman 28",6,"KR28F001",8,180,0.072222222,0,1
"KR28F003","Female",2017-10-21,2018-04-22,57,99,"Kuruman 28",6,"KR28F001",8,183,0.229508197,0,1
"KR28M008","Male",2018-04-23,2018-09-15,37,81,"Kuruman 28",8,"KR28F001",9,145,0.303448276,1,1
"KR28M005","Male",2018-04-21,2018-09-15,66,105,"Kuruman 28",8,"KR28F001",9,147,0.265306122,1,1
"KR28M007","Male",2018-04-21,2018-09-15,35,89,"Kuruman 28",8,"KR28F001",9,147,0.367346939,1,1
"KR13M046","Male",2018-04-21,2018-09-15,170,163,"Kuruman 28",8,"KR28F001",9,147,-0.047619048,1,1
"KR28F006","Female",2018-04-22,2018-09-16,33,74,"Kuruman 28",8,"KR28F001",9,147,0.278911565,1,1
"KR28F003","Female",2018-04-22,2018-09-18,99,111,"Kuruman 28",8,"KR28F001",9,149,0.080536913,1,1
"KR28M005","Male",2018-09-15,2019-03-19,105,141,"Kuruman 28",9,"KR28F001",11,185,0.194594595,1,1
"KR28M008","Male",2018-09-15,2019-03-19,81,126,"Kuruman 28",9,"KR28F001",11,185,0.243243243,1,1
"KR28F006","Female",2018-09-16,2019-03-19,74,97,"Kuruman 28",9,"KR28F001",11,184,0.125,1,1
"KR28M010","Male",2018-09-16,2019-03-19,50,116,"Kuruman 28",9,"KR28F001",11,184,0.358695652,1,1
"KR28M007","Male",2018-09-15,2019-03-19,89,127,"Kuruman 28",9,"KR28F001",11,185,0.205405405,1,1
"KR13M046","Male",2018-09-15,2019-03-20,163,185,"Kuruman 28",9,"KR28F001",11,186,0.11827957,1,1
"KR28F009","Female",2018-09-16,2019-03-20,54,98,"Kuruman 28",9,"KR28F001",11,185,0.237837838,1,1
"KR28F003","Female",2018-09-18,2019-03-20,111,119,"Kuruman 28",9,"KR28F001",11,183,0.043715847,1,1
"KR28F009","Female",2019-03-20,2019-09-16,98,122,"Kuruman 28",11,"KR28F001",8,180,0.133333333,1,1
"KR28M012","Male",2019-03-20,2019-09-16,33,86,"Kuruman 28",11,"KR28F001",8,180,0.294444444,1,1
"KR28F006","Female",2019-03-19,2019-09-16,97,112,"Kuruman 28",11,"KR28F001",8,181,0.082872928,1,1
"KR28M010","Male",2019-03-19,2019-09-16,116,131,"Kuruman 28",11,"KR28F001",8,181,0.082872928,1,1
"KR13M046","Male",2019-03-20,2019-09-17,185,168,"Kuruman 28",11,"KR28F001",8,181,-0.093922652,1,1
"KR28F014","Female",2019-09-19,2020-03-17,26,74,"Kuruman 28",8,"KR28F001",13,180,0.266666667,1,0
"KR28F009","Female",2019-09-16,2020-03-17,122,134,"Kuruman 28",8,"KR28F001",13,183,0.06557377,1,0
"KR28F006","Female",2019-09-16,2020-03-17,112,128,"Kuruman 28",8,"KR28F001",13,183,0.087431694,1,0
"KR28M010","Male",2019-09-16,2020-03-17,131,174,"Kuruman 28",8,"KR28F001",13,183,0.234972678,1,0
"KR28F013","Female",2019-09-19,2020-03-19,22,58,"Kuruman 28",8,"KR28F001",13,182,0.197802198,1,0
"KR28M012","Male",2019-09-16,2020-03-19,86,122,"Kuruman 28",8,"KR28F001",13,185,0.194594595,1,0
"KR13M046","Male",2019-09-17,2020-03-20,168,188,"Kuruman 28",8,"KR28F001",13,185,0.108108108,1,0
"KR13F053","Female",2018-04-30,2018-09-15,129,132,"Kuruman 29",1,NA,1,138,0.02173913,1,1
"KR13F053","Female",2019-10-14,2020-04-06,135,132,"Kuruman 29",1,NA,1,175,-0.017142857,1,1
"KR13M049","Male",2017-10-21,2018-04-14,140,152,"Kuruman 30",3,"KR13F021",3,175,0.068571429,0,1
"KR30M001","Male",2017-10-20,2018-04-14,30,75,"Kuruman 30",3,"KR13F021",3,176,0.255681818,0,1
"KR13M049","Male",2018-04-14,2018-09-14,152,154,"Kuruman 30",3,"KR13F021",3,153,0.013071895,1,1
"KR30M001","Male",2018-04-14,2018-09-14,75,96,"Kuruman 30",3,"KR13F021",3,153,0.137254902,1,1
"KR31M002","Male",2017-05-15,2017-10-22,92,114,"Kuruman 31",3,"KR31F001",6,160,0.1375,1,0
"KR31M003","Male",2017-10-19,2018-03-29,66,103,"Kuruman 31",6,"KR31F001",7,161,0.229813665,0,1
"KR31F004","Female",2017-10-19,2018-03-30,63,91,"Kuruman 31",6,"KR31F001",7,162,0.172839506,0,1
"KR31F005","Female",2017-10-20,2018-03-31,66,96,"Kuruman 31",6,"KR31F001",7,162,0.185185185,0,1
"KR31M002","Male",2017-10-22,2018-04-01,114,130,"Kuruman 31",6,"KR31F001",7,161,0.099378882,0,1
"KR31M015","Male",2019-11-25,2020-04-20,56,89,"Kuruman 31",13,"KR31F005",17,147,0.224489796,1,1
"KR31M007","Male",2019-11-23,2020-04-20,112,150,"Kuruman 31",13,"KR31F005",17,149,0.255033557,1,1
"KR31F012","Female",2019-11-25,2020-04-20,124,117,"Kuruman 31",13,"KR31F005",17,147,-0.047619048,1,1
"KR31F017","Female",2019-11-26,2020-04-20,53,89,"Kuruman 31",13,"KR31F005",17,146,0.246575342,1,1
"KR31F016","Female",2019-11-25,2020-04-20,139,133,"Kuruman 31",13,"KR31F005",17,147,-0.040816327,1,1
"KR31F008","Female",2019-11-24,2020-04-20,55,88,"Kuruman 31",13,"KR31F005",17,148,0.222972973,1,1
"KR31M014","Male",2019-11-25,2020-04-21,155,167,"Kuruman 31",13,"KR31F005",17,148,0.081081081,1,1
"KR31F009","Female",2019-11-24,2020-04-21,102,120,"Kuruman 31",13,"KR31F005",17,149,0.120805369,1,1
"KR31F011","Female",2019-11-24,2020-04-21,105,119,"Kuruman 31",13,"KR31F005",17,149,0.093959732,1,1
"KR31M013","Male",2019-11-25,2020-04-21,32,80,"Kuruman 31",13,"KR31F005",17,148,0.324324324,1,1
"KR31M010","Male",2019-11-24,2020-04-22,62,104,"Kuruman 31",13,"KR31F005",17,150,0.28,1,1
"KR10M006","Male",2016-04-26,2017-03-06,146,191,"Kuruman 10",10,"KR10F004",2,314,0.143312102,1,1
"KR1F019","Female",2016-04-27,2017-03-07,119,169,"Kuruman 1",9,"KR1F007",2,314,0.159235669,1,1
"KR10M006","Male",2017-03-06,2017-09-13,191,181,"Kuruman 33",2,NA,4,191,-0.052356021,1,1
"KR10M006","Male",2018-10-17,2019-04-15,171,181,"Kuruman 33",5,"KR1F019",7,180,0.055555556,0,0
"KR33M002","Male",2018-10-16,2019-04-15,133,146,"Kuruman 33",5,"KR1F019",7,181,0.071823204,0,0
"KR33F003","Female",2018-10-16,2019-04-16,85,91,"Kuruman 33",5,"KR1F019",7,182,0.032967033,0,0
"KR33F004","Female",2018-10-16,2019-04-16,78,93,"Kuruman 33",5,"KR1F019",7,182,0.082417582,0,0
"KR33F003","Female",2019-04-16,2019-10-08,91,95,"Kuruman 33",7,"KR1F019",7,175,0.022857143,0,1
"KR33F004","Female",2019-04-16,2019-10-08,93,90,"Kuruman 33",7,"KR1F019",7,175,-0.017142857,0,1
"KR33F001","Female",2019-04-18,2019-10-08,95,93,"Kuruman 33",7,"KR1F019",7,173,-0.011560694,0,1
"KR33F005","Female",2019-04-15,2019-10-08,49,66,"Kuruman 33",7,"KR1F019",7,176,0.096590909,0,1
"KR33M002","Male",2019-04-15,2019-10-09,146,136,"Kuruman 33",7,"KR1F019",7,177,-0.056497175,0,1
"KR10M006","Male",2019-04-15,2019-10-10,181,167,"Kuruman 33",7,"KR1F019",7,178,-0.078651685,0,1
"KR33F005","Female",2019-10-08,2020-04-15,66,71,"Kuruman 33",7,"KR1F019",6,190,0.026315789,1,1
"KR33F003","Female",2019-10-08,2020-04-15,95,94,"Kuruman 33",7,"KR1F019",6,190,-0.005263158,1,1
"KR33M002","Male",2019-10-09,2020-04-15,136,142,"Kuruman 33",7,"KR1F019",6,189,0.031746032,1,1
"KR10M006","Male",2019-10-10,2020-04-16,167,163,"Kuruman 33",7,"KR1F019",6,189,-0.021164021,1,1
"KR33F001","Female",2019-10-08,2020-04-16,93,91,"Kuruman 33",7,"KR1F019",6,191,-0.010471204,1,1
"KR10M013","Male",2017-05-04,2017-10-09,127,130,"Kuruman 34",2,"KR13F043",4,158,0.018987342,1,1
"KR34M003","Male",2019-04-06,2019-09-09,60,118,"Kuruman 34",7,"KR13F043",8,156,0.371794872,0,1
"KR34F005","Female",2019-04-08,2019-09-09,64,68,"Kuruman 34",7,"KR13F043",8,154,0.025974026,0,1
"KR34M002","Male",2019-04-07,2019-09-09,96,86,"Kuruman 34",7,"KR13F043",8,155,-0.064516129,0,1
"KR10M013","Male",2019-04-06,2019-09-09,143,129,"Kuruman 34",7,"KR13F043",8,156,-0.08974359,0,1
"KR34M001","Male",2019-04-06,2019-09-11,85,83,"Kuruman 34",7,"KR13F043",8,158,-0.012658228,0,1
"KR34M001","Male",2019-09-11,2020-04-01,83,98,"Kuruman 34",8,"KR13F043",8,203,0.073891626,1,1
"KR34F007","Female",2019-09-12,2020-04-01,63,77,"Kuruman 34",8,"KR13F043",8,202,0.069306931,1,1
"KR34F005","Female",2019-09-09,2020-04-01,68,79,"Kuruman 34",8,"KR13F043",8,205,0.053658537,1,1
"KR34M003","Male",2019-09-09,2020-04-01,118,81,"Kuruman 34",8,"KR13F043",8,205,-0.180487805,1,1
"KR10M013","Male",2019-09-09,2020-04-02,129,147,"Kuruman 34",8,"KR13F043",8,206,0.087378641,1,1
"KR34F006","Female",2019-09-11,2020-04-02,70,78,"Kuruman 34",8,"KR13F043",8,204,0.039215686,1,1
"KR34M002","Male",2019-09-09,2020-04-02,86,100,"Kuruman 34",8,"KR13F043",8,206,0.067961165,1,1
"KR13F040","Female",2017-05-02,2017-10-09,111,117,"Kuruman 35",1,NA,1,160,0.0375,1,1
"KR13F040","Female",2017-10-09,2018-03-23,117,121,"Kuruman 35",1,NA,1,165,0.024242424,1,1
"KR13F040","Female",2018-03-23,2018-10-15,121,119,"Kuruman 35",1,NA,1,206,-0.009708738,1,1
"KR36M007","Male",2018-04-17,2019-04-04,155,135,"Kuruman 36",9,"KR1F004",5,352,-0.056818182,0,1
"KR35M002","Male",2019-04-05,2019-10-06,65,94,"Kuruman 35",5,"KR13F040",7,184,0.157608696,1,1
"KR35F003","Female",2019-04-05,2019-10-06,42,71,"Kuruman 35",5,"KR13F040",7,184,0.157608696,1,1
"KR35F001","Female",2019-04-04,2019-10-06,55,79,"Kuruman 35",5,"KR13F040",7,185,0.12972973,1,1
"KR36M007","Male",2019-04-04,2019-10-06,135,143,"Kuruman 35",5,"KR13F040",7,185,0.043243243,1,1
"KR35F003","Female",2019-10-06,2020-04-13,71,80,"Kuruman 35",7,"KR13F040",9,190,0.047368421,1,1
"KR35F004","Female",2019-10-06,2020-04-13,24,72,"Kuruman 35",7,"KR13F040",9,190,0.252631579,1,1
"KR35M005","Male",2019-10-07,2020-04-13,27,81,"Kuruman 35",7,"KR13F040",9,189,0.285714286,1,1
"KR36M007","Male",2019-10-06,2020-04-13,143,165,"Kuruman 35",7,"KR13F040",9,190,0.115789474,1,1
"KR35M002","Male",2019-10-06,2020-04-14,94,107,"Kuruman 35",7,"KR13F040",9,191,0.068062827,1,1
"KR36F006","Female",2017-05-09,2017-10-09,89,102,"Kuruman 36",14,"KR1F004",14,153,0.08496732,1,1
"KR36F010","Female",2017-05-09,2017-10-09,36,78,"Kuruman 36",14,"KR1F004",14,153,0.274509804,1,1
"KR36M005","Male",2017-05-08,2017-10-09,35,89,"Kuruman 36",14,"KR1F004",14,154,0.350649351,1,1
"KR36M001","Male",2017-05-08,2017-10-09,117,136,"Kuruman 36",14,"KR1F004",14,154,0.123376623,1,1
"KR36F004","Female",2017-05-08,2017-10-09,77,97,"Kuruman 36",14,"KR1F004",14,154,0.12987013,1,1
"KR36F009","Female",2017-05-09,2017-10-09,101,121,"Kuruman 36",14,"KR1F004",14,153,0.130718954,1,1
"KR36M007","Male",2017-05-09,2017-10-09,38,92,"Kuruman 36",14,"KR1F004",14,153,0.352941176,1,1
"KR36F003","Female",2017-05-08,2017-10-10,77,93,"Kuruman 36",14,"KR1F004",14,155,0.103225806,1,1
"KR36F008","Female",2017-05-09,2017-10-10,97,114,"Kuruman 36",14,"KR1F004",14,154,0.11038961,1,1
"KR13M005","Male",2017-05-08,2017-10-10,175,181,"Kuruman 36",14,"KR1F004",14,155,0.038709677,1,1
"KR36M002","Male",2017-05-08,2017-10-10,74,98,"Kuruman 36",14,"KR1F004",14,155,0.15483871,1,1
"KR36F012","Female",2017-05-10,2017-10-10,149,154,"Kuruman 36",14,"KR1F004",14,153,0.032679739,1,1
"KR36M007","Male",2017-10-09,2018-04-17,92,155,"Kuruman 36",14,"KR1F004",9,190,0.331578947,1,0
"KR36F003","Female",2017-10-10,2018-04-18,93,130,"Kuruman 36",14,"KR1F004",9,190,0.194736842,1,0
"KR36F004","Female",2017-10-09,2018-04-19,97,116,"Kuruman 36",14,"KR1F004",9,192,0.098958333,1,0
"KR36F006","Female",2017-10-09,2018-04-20,102,121,"Kuruman 36",14,"KR1F004",9,193,0.098445596,1,0
"KR36F010","Female",2017-10-09,2018-04-20,78,90,"Kuruman 36",14,"KR1F004",9,193,0.062176166,1,0
"KR13M005","Male",2017-10-10,2018-04-21,181,203,"Kuruman 36",14,"KR1F004",9,193,0.113989637,1,0
"KR36M015","Male",2018-04-18,2018-10-13,114,139,"Kuruman 36",9,"KR1F004",12,178,0.140449438,0,0
"KR36M014","Male",2018-04-19,2018-10-14,53,107,"Kuruman 36",9,"KR1F004",12,178,0.303370787,0,0
"KR36F010","Female",2018-04-20,2018-10-14,90,109,"Kuruman 36",9,"KR1F004",12,177,0.107344633,0,0
"KR13M005","Male",2018-04-21,2018-10-14,203,167,"Kuruman 36",9,"KR1F004",12,176,-0.204545455,0,0
"KR36F003","Female",2018-04-18,2018-10-14,130,122,"Kuruman 36",9,"KR1F004",12,179,-0.044692737,0,0
"KR36M017","Male",2018-10-13,2019-04-15,71,152,"Kuruman 36",12,"KR1F004",15,184,0.440217391,0,0
"KR36F020","Female",2018-10-14,2019-04-15,113,143,"Kuruman 36",12,"KR1F004",15,183,0.163934426,0,0
"KR36F019","Female",2018-10-14,2019-04-15,68,98,"Kuruman 36",12,"KR1F004",15,183,0.163934426,0,0
"KR36M014","Male",2018-10-14,2019-04-15,107,175,"Kuruman 36",12,"KR1F004",15,183,0.371584699,0,0
"KR36F018","Female",2018-10-13,2019-04-15,73,110,"Kuruman 36",12,"KR1F004",15,184,0.201086957,0,0
"KR36F003","Female",2018-10-14,2019-04-16,122,139,"Kuruman 36",12,"KR1F004",15,184,0.092391304,0,0
"KR36F012","Female",2018-10-14,2019-04-16,153,184,"Kuruman 36",12,"KR1F004",15,184,0.168478261,0,0
"KR36M016","Male",2018-10-13,2019-04-17,85,156,"Kuruman 36",12,"KR1F004",15,186,0.38172043,0,0
"KR13M005","Male",2018-10-14,2019-04-17,167,192,"Kuruman 36",12,"KR1F004",15,185,0.135135135,0,0
"KR36F018","Female",2019-04-15,2019-10-31,110,114,"Kuruman 36",15,"KR1F004",4,199,0.020100503,0,0
"KR36F019","Female",2019-04-15,2019-10-31,98,98,"Kuruman 36",15,"KR1F004",4,199,0,0,0
"KR36F018","Female",2019-10-31,2020-05-11,114,125,"Kuruman 36",4,NA,8,193,0.056994819,0,1
"KR36F010","Female",2019-10-31,2020-05-11,113,115,"Kuruman 36",4,NA,8,193,0.010362694,0,1
"KR36F019","Female",2019-10-31,2020-05-12,98,110,"Kuruman 36",4,NA,8,194,0.06185567,0,1
"KR36M001","Male",2017-10-09,2018-04-06,136,183,"Kuruman 36",14,"KR1F004",3,179,0.262569832,1,1
"KR13F058","Female",2018-04-06,2018-11-27,83,93,"Kuruman 39",3,"KR13F019",5,235,0.042553191,1,0
"KR36M001","Male",2018-04-06,2018-11-27,183,141,"Kuruman 39",3,"KR13F019",5,235,-0.178723404,1,0
"KR39M001","Male",2018-11-28,2019-03-19,48,63,"Kuruman 39",5,"KR13F019",5,111,0.135135135,0,1
"KR13F058","Female",2018-11-27,2019-03-20,93,104,"Kuruman 39",5,"KR13F019",5,113,0.097345133,0,1
"KR39M002","Male",2018-11-27,2019-03-20,51,75,"Kuruman 39",5,"KR13F019",5,113,0.212389381,0,1
"KR36M001","Male",2018-11-27,2019-03-20,141,156,"Kuruman 39",5,"KR13F019",5,113,0.132743363,0,1
"KR36M001","Male",2019-03-20,2019-09-16,156,158,"Kuruman 39",5,"KR13F019",6,180,0.011111111,1,1
"KR39M001","Male",2019-03-19,2019-09-17,63,90,"Kuruman 39",5,"KR13F019",6,182,0.148351648,1,1
"KR39M002","Male",2019-03-20,2019-09-17,75,102,"Kuruman 39",5,"KR13F019",6,181,0.149171271,1,1
"KR39M001","Male",2019-09-17,2020-03-16,90,113,"Kuruman 39",6,"KR13F019",6,181,0.127071823,1,0
"KR36M001","Male",2019-09-16,2020-03-16,158,168,"Kuruman 39",6,"KR13F019",6,182,0.054945055,1,0
"KR39M003","Male",2019-09-17,2020-03-17,26,56,"Kuruman 39",6,"KR13F019",6,182,0.164835165,1,0
"KR39M004","Male",2019-09-17,2020-03-17,29,72,"Kuruman 39",6,"KR13F019",6,182,0.236263736,1,0
"KR13F050","Female",2018-04-30,2018-09-16,129,125,"Kuruman 40",1,NA,1,139,-0.028776978,1,1
"KR13F050","Female",2018-09-16,2019-04-12,125,137,"Kuruman 40",1,NA,1,208,0.057692308,1,1
"KR10M019","Male",2018-03-17,2018-10-16,174,181,"Kuruman 10",17,"KR10F004",3,213,0.03286385,1,1
"KR10M019","Male",2018-10-16,2019-03-13,181,186,"Kuruman 42",3,"KR1F022",6,148,0.033783784,1,0
"KR42F001","Female",2018-10-17,2019-03-13,46,70,"Kuruman 42",3,"KR1F022",6,147,0.163265306,1,0
"KR42M004","Male",2019-03-13,2019-10-06,12,69,"Kuruman 42",6,"KR1F022",7,207,0.275362319,0,1
"KR42F002","Female",2019-03-12,2019-10-06,53,88,"Kuruman 42",6,"KR1F022",7,208,0.168269231,0,1
"KR42F001","Female",2019-03-13,2019-10-06,70,91,"Kuruman 42",6,"KR1F022",7,207,0.101449275,0,1
"KR42M003","Male",2019-03-13,2019-10-07,15,72,"Kuruman 42",6,"KR1F022",7,208,0.274038462,0,1
"KR10M019","Male",2019-03-13,2019-10-09,186,178,"Kuruman 42",6,"KR1F022",7,210,-0.038095238,0,1
"KR42F002","Female",2019-10-06,2020-03-09,88,92,"Kuruman 42",7,"KR1F022",7,155,0.025806452,1,0
"KR42F005","Female",2019-10-09,2020-03-10,77,88,"Kuruman 42",7,"KR1F022",7,153,0.071895425,1,0
"KR42M004","Male",2019-10-06,2020-03-10,69,94,"Kuruman 42",7,"KR1F022",7,156,0.16025641,1,0
"KR42M003","Male",2019-10-07,2020-03-11,72,93,"Kuruman 42",7,"KR1F022",7,156,0.134615385,1,0
"KR42F001","Female",2019-10-06,2020-03-14,91,103,"Kuruman 42",7,"KR1F022",7,160,0.075,1,0
"KR10M019","Male",2019-10-09,2020-03-14,178,192,"Kuruman 42",7,"KR1F022",7,157,0.089171975,1,0
"KR13M054","Male",2018-04-20,2018-11-23,179,194,"Kuruman 28",8,"KR28F001",5,217,0.069124424,1,1
"KR43F003","Female",2018-11-26,2019-03-19,43,54,"Kuruman 43",5,"KR13F038",5,113,0.097345133,1,1
"KR43M001","Male",2018-11-24,2019-03-20,37,63,"Kuruman 43",5,"KR13F038",5,116,0.224137931,1,1
"KR13M054","Male",2018-11-23,2019-03-21,194,188,"Kuruman 43",5,"KR13F038",5,118,-0.050847458,1,1
"KR43F002","Female",2019-03-20,2019-09-16,66,96,"Kuruman 43",5,"KR13F038",7,180,0.166666667,1,0
"KR43F003","Female",2019-03-19,2019-09-16,54,77,"Kuruman 43",5,"KR13F038",7,181,0.127071823,1,0
"KR13M054","Male",2019-03-21,2019-09-17,188,185,"Kuruman 43",5,"KR13F038",7,180,-0.016666667,1,0
"KR43F003","Female",2019-09-16,2020-03-16,77,92,"Kuruman 43",7,"KR13F038",10,182,0.082417582,0,1
"KR43F002","Female",2019-09-16,2020-03-16,96,110,"Kuruman 43",7,"KR13F038",10,182,0.076923077,0,1
"KR43F004","Female",2019-09-16,2020-03-16,28,67,"Kuruman 43",7,"KR13F038",10,182,0.214285714,0,1
"KR13M054","Male",2019-09-17,2020-03-17,185,196,"Kuruman 43",7,"KR13F038",10,182,0.06043956,0,1
"KR43M005","Male",2019-09-19,2020-03-17,35,82,"Kuruman 43",7,"KR13F038",10,180,0.261111111,0,1
"KR43F006","Female",2019-09-18,2020-03-17,27,69,"Kuruman 43",7,"KR13F038",10,181,0.232044199,0,1
"KR31M003","Male",2019-09-30,2020-03-23,170,172,"Kuruman 45",2,"KR45F001",3,175,0.011428571,1,1
"KR46F001","Female",2019-04-03,2019-10-02,119,123,"Kuruman 46",1,NA,1,182,0.021978022,1,1
"KR46F001","Female",2019-10-02,2020-05-20,123,128,"Kuruman 46",1,NA,1,231,0.021645022,1,0
"KR47F001","Female",2019-10-21,2020-03-26,116,127,"Kuruman 47",1,NA,1,157,0.070063694,1,1
"KR31F004","Female",2019-10-23,2020-03-27,144,146,"Kuruman 48",1,NA,1,156,0.012820513,1,1
"KR49M008","Male",2019-10-28,2020-05-19,102,114,"Kuruman 49",17,"KR49F016",13,204,0.058823529,1,1
"KR49F009","Female",2019-10-28,2020-05-19,57,80,"Kuruman 49",17,"KR49F016",13,204,0.112745098,1,1
"KR49M007","Male",2019-10-28,2020-05-19,100,120,"Kuruman 49",17,"KR49F016",13,204,0.098039216,1,1
"KR49M004","Male",2019-10-28,2020-05-20,63,90,"Kuruman 49",17,"KR49F016",13,205,0.131707317,1,1
"KR49M014","Female",2019-10-29,2020-05-20,72,99,"Kuruman 49",17,"KR49F016",13,204,0.132352941,1,1
"L26M001","Male",2019-10-29,2020-05-20,170,176,"Kuruman 49",17,"KR49F016",13,204,0.029411765,1,1
"KR49M011","Male",2019-10-29,2020-05-20,104,144,"Kuruman 49",17,"KR49F016",13,204,0.196078431,1,1
"KR49M001","Male",2019-10-28,2020-05-20,108,131,"Kuruman 49",17,"KR49F016",13,205,0.112195122,1,1
"KR20F009","Female",2019-03-27,2020-03-24,87,112,"Kuruman 20",17,"KR8F003",1,363,0.068870523,1,1
"KR49M010","Male",2019-10-29,2020-05-18,131,155,"Kuruman 49",17,"KR49F016",2,202,0.118811881,1,1
"KR7F007","Female",2013-12-05,2014-08-06,137,124,"Kuruman 7",17,"KR7F010",6,244,-0.053278689,1,1
"KR7F012","Female",2013-12-06,2014-08-06,49,76,"Kuruman 7",17,"KR7F010",6,243,0.111111111,1,1
"KR7F006","Female",2013-12-05,2014-08-08,52,82,"Kuruman 7",17,"KR7F010",6,246,0.12195122,1,1
"KR7F015","Female",2013-12-06,2014-08-08,93,100,"Kuruman 7",17,"KR7F010",6,245,0.028571429,1,1
"KR7M014","Male",2013-12-06,2014-08-08,91,120,"Kuruman 7",17,"KR7F010",6,245,0.118367347,1,1
"KR7M016","Male",2013-12-06,2014-08-08,63,99,"Kuruman 7",17,"KR7F010",6,245,0.146938776,1,1
"KR7M016","Male",2014-08-08,2015-03-03,99,112,"Kuruman 7",6,NA,5,207,0.062801932,1,1
"KR7F006","Female",2014-08-08,2015-03-04,82,94,"Kuruman 7",6,NA,5,208,0.057692308,1,1
"KR7F007","Female",2014-08-06,2015-03-04,124,125,"Kuruman 7",6,NA,5,210,0.004761905,1,1
"KR7F012","Female",2014-08-06,2015-03-04,76,91,"Kuruman 7",6,NA,5,210,0.071428571,1,1
"KR7M014","Male",2014-08-08,2015-03-04,120,138,"Kuruman 7",6,NA,5,208,0.086538462,1,1
"KR7F007","Female",2015-03-04,2016-02-16,125,138,"Kuruman 7",5,NA,2,349,0.037249284,1,1
"KR7F012","Female",2015-03-04,2016-02-17,91,122,"Kuruman 7",5,NA,2,350,0.088571429,1,1
"KR7F007","Female",2016-02-16,2016-09-05,138,135,"Kuruman 7",2,NA,1,202,-0.014851485,1,1
"KR7F007","Female",2016-09-05,2017-02-07,135,131,"Kuruman 7",1,NA,1,155,-0.025806452,1,1
"KR7F007","Female",2017-02-07,2017-08-14,131,132,"Kuruman 7",1,NA,1,188,0.005319149,1,0
"KR27M004","Male",2018-04-20,2018-11-14,128,140,"Kuruman 7",2,"KR7F007",4,208,0.057692308,1,0
"KR7M018","Male",2018-11-14,2019-03-09,35,67,"Kuruman 7",4,"KR7F007",6,115,0.27826087,0,1
"KR7F019","Female",2018-11-14,2019-03-10,31,54,"Kuruman 7",4,"KR7F007",6,116,0.198275862,0,1
"KR7M018","Male",2019-03-09,2019-09-30,67,110,"Kuruman 7",6,"KR7F007",11,205,0.209756098,1,1
"KR7F020","Female",2019-03-10,2019-09-30,59,95,"Kuruman 7",6,"KR7F007",11,204,0.176470588,1,1
"KR7M021","Male",2019-03-10,2019-10-01,51,97,"Kuruman 7",6,"KR7F007",11,205,0.224390244,1,1
"KR7F019","Female",2019-03-10,2019-10-01,54,88,"Kuruman 7",6,"KR7F007",11,205,0.165853659,1,1
"KR7M022","Male",2019-09-30,2020-05-20,47,95,"Kuruman 7",11,"KR7F007",6,233,0.206008584,1,0
"KR7F020","Female",2019-09-30,2020-05-20,95,106,"Kuruman 7",11,"KR7F007",6,233,0.0472103,1,0
"KR7F023","Female",2019-10-01,2020-05-20,38,75,"Kuruman 7",11,"KR7F007",6,232,0.159482759,1,0
"KR27M004","Male",2019-10-02,2020-05-20,137,142,"Kuruman 7",11,"KR7F007",6,231,0.021645022,1,0
"KR8F002","Female",2013-12-03,2014-08-05,99,97,"Kuruman 8",6,NA,2,245,-0.008163265,1,1
"KR8F005","Female",2013-12-05,2014-08-06,123,123,"Kuruman 8",6,NA,2,244,0,1,1
"KR8F002","Female",2014-08-05,2015-03-02,97,112,"Kuruman 8",2,NA,2,209,0.071770335,1,1
"KR8F005","Female",2014-08-06,2015-03-02,123,141,"Kuruman 8",2,NA,2,208,0.086538462,1,1
"KR13M033","Male",2016-04-12,2017-02-07,122,163,"Kuruman 13",24,"KR13F013",12,301,0.136212625,1,1
"KR10M007","Male",2016-04-26,2017-02-07,101,182,"Kuruman 10",10,"KR10F004",12,287,0.282229965,1,1
"KR8M011","Male",2017-02-06,2017-08-14,154,153,"Kuruman 8",12,"KR8F002",11,189,-0.005291005,1,1
"KR8M010","Male",2017-02-07,2017-08-14,66,101,"Kuruman 8",12,"KR8F002",11,188,0.186170213,1,1
"KR8F012","Female",2017-02-08,2017-08-14,57,94,"Kuruman 8",12,"KR8F002",11,187,0.197860963,1,1
"KR8F009","Female",2017-02-06,2017-08-16,57,105,"Kuruman 8",12,"KR8F002",11,191,0.251308901,1,1
"KR8M013","Male",2017-02-08,2017-08-16,90,143,"Kuruman 8",12,"KR8F002",11,189,0.28042328,1,1
"KR8F012","Female",2017-08-14,2018-04-30,94,130,"Kuruman 8",11,"KR8F002",16,259,0.138996139,1,0
"KR8M019","Male",2017-08-15,2018-05-01,72,122,"Kuruman 8",11,"KR8F002",16,259,0.193050193,1,0
"KR8F016","Female",2017-08-14,2018-05-02,69,93,"Kuruman 8",11,"KR8F002",16,261,0.091954023,1,0
"KR8M013","Male",2017-08-16,2018-05-02,143,175,"Kuruman 8",11,"KR8F002",16,259,0.123552124,1,0
"KR8M018","Male",2017-08-15,2018-05-02,50,121,"Kuruman 8",11,"KR8F002",16,260,0.273076923,1,0
"KR8M013","Male",2018-05-02,2018-11-05,175,180,"Kuruman 8",16,"KR8F002",16,187,0.026737968,0,0
"KR8M022","Male",2018-05-02,2018-11-05,75,108,"Kuruman 8",16,"KR8F002",16,187,0.176470588,0,0
"KR8F021","Female",2018-05-01,2018-11-06,47,102,"Kuruman 8",16,"KR8F002",16,189,0.291005291,0,0
"KR8M026","Male",2018-05-02,2018-11-07,64,124,"Kuruman 8",16,"KR8F002",16,189,0.317460317,0,0
"KR8M020","Male",2018-04-30,2018-11-07,45,96,"Kuruman 8",16,"KR8F002",16,191,0.267015707,0,0
"KR8F012","Female",2018-04-30,2018-11-08,130,161,"Kuruman 8",16,"KR8F002",16,192,0.161458333,0,0
"KR8M018","Male",2018-05-02,2018-11-09,121,128,"Kuruman 8",16,"KR8F002",16,191,0.036649215,0,0
"KR8M023","Male",2018-11-07,2019-03-10,107,145,"Kuruman 8",16,NA,15,123,0.308943089,0,0
"KR8M026","Male",2018-11-07,2019-03-10,124,143,"Kuruman 8",16,NA,15,123,0.154471545,0,0
"KR8M020","Male",2018-11-07,2019-03-10,96,119,"Kuruman 8",16,NA,15,123,0.18699187,0,0
"KR7M016","Male",2018-11-07,2019-03-10,160,168,"Kuruman 8",16,NA,15,123,0.06504065,0,0
"KR8M022","Male",2018-11-05,2019-03-10,108,137,"Kuruman 8",16,NA,15,125,0.232,0,0
"KR8M024","Male",2018-11-09,2019-03-10,100,120,"Kuruman 8",16,NA,15,121,0.165289256,0,0
"KR8M011","Male",2018-11-09,2019-03-10,192,203,"Kuruman 8",16,NA,15,121,0.090909091,0,0
"KR8F027","Female",2018-11-06,2019-03-10,62,87,"Kuruman 8",16,NA,15,124,0.201612903,0,0
"KR8F029","Female",2018-11-09,2019-03-10,69,95,"Kuruman 8",16,NA,15,121,0.214876033,0,0
"KR8M013","Male",2018-11-05,2019-03-10,180,198,"Kuruman 8",16,NA,15,125,0.144,0,0
"KR8F030","Female",2019-03-10,2019-10-15,41,117,"Kuruman 8",15,"KR8F012",15,219,0.347031963,0,1
"KR8M032","Male",2019-03-10,2019-10-15,47,106,"Kuruman 8",15,"KR8F012",15,219,0.269406393,0,1
"KR8M024","Male",2019-03-10,2019-10-15,120,131,"Kuruman 8",15,"KR8F012",15,219,0.050228311,0,1
"KR8F031","Female",2019-03-10,2019-10-15,46,106,"Kuruman 8",15,"KR8F012",15,219,0.273972603,0,1
"KR7M016","Male",2019-03-10,2019-10-16,168,165,"Kuruman 8",15,"KR8F012",15,220,-0.013636364,0,1
"KR8F027","Female",2019-03-10,2019-10-16,87,115,"Kuruman 8",15,"KR8F012",15,220,0.127272727,0,1
"KR8M013","Male",2019-03-10,2019-10-16,198,190,"Kuruman 8",15,"KR8F012",15,220,-0.036363636,0,1
"KR8M011","Male",2019-03-10,2019-10-16,203,195,"Kuruman 8",15,"KR8F012",15,220,-0.036363636,0,1
"KR8F027","Female",2019-10-16,2020-04-20,115,118,"Kuruman 8",15,"KR8F012",22,187,0.016042781,1,1
"KR8M011","Male",2019-10-16,2020-04-20,195,204,"Kuruman 8",15,"KR8F012",22,187,0.048128342,1,1
"KR8M034","Male",2019-10-16,2020-04-20,67,107,"Kuruman 8",15,"KR8F012",22,187,0.213903743,1,1
"KR8M035","Male",2019-10-16,2020-04-20,80,120,"Kuruman 8",15,"KR8F012",22,187,0.213903743,1,1
"KR8F030","Female",2019-10-15,2020-04-20,117,128,"Kuruman 8",15,"KR8F012",22,188,0.058510638,1,1
"KR8M024","Male",2019-10-15,2020-04-20,131,138,"Kuruman 8",15,"KR8F012",22,188,0.037234043,1,1
"KR8F036","Female",2019-10-16,2020-04-20,48,84,"Kuruman 8",15,"KR8F012",22,187,0.192513369,1,1
"KR8F038","Female",2019-10-17,2020-04-20,48,83,"Kuruman 8",15,"KR8F012",22,186,0.188172043,1,1
"KR7M016","Male",2019-10-16,2020-04-20,165,169,"Kuruman 8",15,"KR8F012",22,187,0.021390374,1,1
"KR8M037","Male",2019-10-16,2020-04-20,54,100,"Kuruman 8",15,"KR8F012",22,187,0.245989305,1,1
"KR8F033","Female",2019-10-16,2020-04-21,77,104,"Kuruman 8",15,"KR8F012",22,188,0.143617021,1,1
"KR8M032","Male",2019-10-15,2020-04-21,106,125,"Kuruman 8",15,"KR8F012",22,189,0.100529101,1,1
"KR8F031","Female",2019-10-15,2020-04-21,106,110,"Kuruman 8",15,"KR8F012",22,189,0.021164021,1,1
"KR8M013","Male",2019-10-16,2020-04-21,190,189,"Kuruman 8",15,"KR8F012",22,188,-0.005319149,1,1
"L10M001","Male",2016-09-22,2017-06-21,141,146,"Lonely 10",3,"L10F003",8,272,0.018382353,0,1
"L10F002","Female",2016-09-22,2017-06-21,26,71,"Lonely 10",3,"L10F003",8,272,0.165441176,0,1
"L11F014","Female",2013-09-24,2014-03-02,120,140,"Lonely 11",25,"L11F025",16,159,0.125786164,1,1
"L11F004","Female",2013-09-23,2014-03-02,89,107,"Lonely 11",25,"L11F025",16,160,0.1125,1,1
"L11F016","Female",2013-09-24,2014-03-02,91,95,"Lonely 11",25,"L11F025",16,159,0.025157233,1,1
"L11M023","Male",2013-09-25,2014-03-02,78,106,"Lonely 11",25,"L11F025",16,158,0.17721519,1,1
"L11F024","Female",2013-09-25,2014-03-02,90,101,"Lonely 11",25,"L11F025",16,158,0.069620253,1,1
"L11F019","Female",2013-09-24,2014-03-02,85,101,"Lonely 11",25,"L11F025",16,159,0.100628931,1,1
"L11M013","Male",2013-09-24,2014-03-03,152,150,"Lonely 11",25,"L11F025",16,160,-0.0125,1,1
"L11M001","Male",2013-09-23,2014-03-03,130,138,"Lonely 11",25,"L11F025",16,161,0.049689441,1,1
"L11M002","Male",2013-09-23,2014-03-03,170,160,"Lonely 11",25,"L11F025",16,161,-0.062111801,1,1
"L11M008","Male",2013-09-23,2014-03-03,55,102,"Lonely 11",25,"L11F025",16,161,0.291925466,1,1
"L11M022","Male",2013-09-24,2014-03-03,112,129,"Lonely 11",25,"L11F025",16,160,0.10625,1,1
"L11F009","Female",2013-09-23,2014-03-03,82,96,"Lonely 11",25,"L11F025",16,161,0.086956522,1,1
"L11F003","Female",2013-09-23,2014-03-04,111,121,"Lonely 11",25,"L11F025",16,162,0.061728395,1,1
"L11M010","Male",2013-09-24,2014-03-05,104,117,"Lonely 11",25,"L11F025",16,162,0.080246914,1,1
"L11F004","Female",2014-03-02,2014-09-17,107,135,"Lonely 11",16,NA,9,199,0.140703518,1,1
"L11M023","Male",2014-03-02,2014-09-17,106,141,"Lonely 11",16,NA,9,199,0.175879397,1,1
"L11F016","Female",2014-03-02,2014-09-18,95,123,"Lonely 11",16,NA,9,200,0.14,1,1
"L11M008","Male",2014-03-03,2014-09-18,102,125,"Lonely 11",16,NA,9,199,0.115577889,1,1
"L11F024","Female",2014-03-02,2014-09-19,101,128,"Lonely 11",16,NA,9,201,0.134328358,1,1
"L11F019","Female",2014-03-02,2014-09-20,101,128,"Lonely 11",16,NA,9,202,0.133663366,1,1
"L11F003","Female",2014-03-04,2014-09-21,121,156,"Lonely 11",16,NA,9,201,0.174129353,1,1
"L11F004","Female",2014-09-17,2015-03-23,135,126,"Lonely 11",9,NA,8,187,-0.048128342,1,1
"L11F019","Female",2014-09-20,2015-03-23,128,132,"Lonely 11",9,NA,8,184,0.02173913,1,1
"L11M008","Male",2014-09-18,2015-03-23,125,143,"Lonely 11",9,NA,8,186,0.096774194,1,1
"L11M023","Male",2014-09-17,2015-03-24,141,153,"Lonely 11",9,NA,8,188,0.063829787,1,1
"L13F006","Female",2013-09-30,2014-03-01,115,123,"Lonely 13",12,"L13F009",10,152,0.052631579,1,1
"L13M007","Male",2013-09-30,2014-03-01,128,169,"Lonely 13",12,"L13F009",10,152,0.269736842,1,1
"L13F001","Female",2013-09-29,2014-03-02,123,142,"Lonely 13",12,"L13F009",10,154,0.123376623,1,1
"L13M003","Male",2013-09-29,2014-03-02,127,156,"Lonely 13",12,"L13F009",10,154,0.188311688,1,1
"L13M012","Male",2013-10-02,2014-03-02,102,121,"Lonely 13",12,"L13F009",10,151,0.125827815,1,1
"L13F008","Female",2013-10-01,2014-03-03,107,115,"Lonely 13",12,"L13F009",10,153,0.052287582,1,1
"L13M004","Male",2013-09-30,2014-03-03,119,146,"Lonely 13",12,"L13F009",10,154,0.175324675,1,1
"KR1M010","Male",2013-11-19,2014-09-16,158,151,"Kuruman 1",18,"KR1F007",8,301,-0.023255814,1,1
"L13F014","Female",2014-03-02,2014-09-16,37,124,"Lonely 13",10,"L13F009",8,198,0.439393939,1,1
"L13F014","Female",2014-09-16,2015-03-26,124,104,"Lonely 13",8,"L13F008",8,191,-0.104712042,1,1
"L13M016","Male",2014-09-16,2015-03-26,124,145,"Lonely 13",8,"L13F008",8,191,0.109947644,1,1
"KR1M010","Male",2014-09-16,2015-03-27,151,160,"Lonely 13",8,"L13F008",8,192,0.046875,1,1
"L13F020","Female",2015-03-27,2016-02-23,28,87,"Lonely 13",8,"L13F008",12,333,0.177177177,1,0
"L13M023","Male",2015-03-27,2016-02-23,31,113,"Lonely 13",8,"L13F008",12,333,0.246246246,1,0
"L13M022","Male",2015-03-27,2016-02-23,33,112,"Lonely 13",8,"L13F008",12,333,0.237237237,1,0
"L13F021","Female",2015-03-27,2016-02-23,33,100,"Lonely 13",8,"L13F008",12,333,0.201201201,1,0
"KR1M010","Male",2015-03-27,2016-02-23,160,162,"Lonely 13",8,"L13F008",12,333,0.006006006,1,0
"L13M028","Male",2016-02-24,2016-09-10,37,105,"Lonely 13",12,"L13F008",8,199,0.341708543,0,1
"L13F029","Female",2016-02-24,2016-09-10,38,114,"Lonely 13",12,"L13F008",8,199,0.381909548,0,1
"KR1M010","Male",2016-02-23,2016-09-10,162,169,"Lonely 13",12,"L13F008",8,200,0.035,0,1
"L13M031","Male",2016-09-10,2017-06-05,94,121,"Lonely 13",8,"L13F008",10,268,0.100746269,1,1
"L13F029","Female",2016-09-10,2017-06-05,114,124,"Lonely 13",8,"L13F008",10,268,0.037313433,1,1
"L13M028","Male",2016-09-10,2017-06-05,105,123,"Lonely 13",8,"L13F008",10,268,0.067164179,1,1
"L13F033","Female",2016-09-10,2017-06-05,65,88,"Lonely 13",8,"L13F008",10,268,0.085820896,1,1
"KR1M010","Male",2016-09-10,2017-06-06,169,152,"Lonely 13",8,"L13F008",10,269,-0.063197026,1,1
"L13F032","Female",2016-09-10,2017-06-06,59,109,"Lonely 13",8,"L13F008",10,269,0.185873606,1,1
"L13F030","Female",2016-09-10,2017-06-06,55,89,"Lonely 13",8,"L13F008",10,269,0.126394052,1,1
"L14F009","Female",2014-03-03,2014-09-16,46,94,"Lonely 14",13,"L14F011",8,197,0.243654822,1,1
"L14F006","Female",2014-03-03,2014-09-16,103,124,"Lonely 14",13,"L14F011",8,197,0.106598985,1,1
"L14M001","Male",2014-03-02,2014-09-16,96,133,"Lonely 14",13,"L14F011",8,198,0.186868687,1,1
"L14M002","Male",2014-03-02,2014-09-16,47,105,"Lonely 14",13,"L14F011",8,198,0.292929293,1,1
"L14F004","Female",2014-03-03,2014-09-17,111,124,"Lonely 14",13,"L14F011",8,198,0.065656566,1,1
"L14M005","Male",2014-03-02,2014-09-17,89,121,"Lonely 14",13,"L14F011",8,199,0.16080402,1,1
"L14M012","Male",2014-03-03,2014-09-17,51,115,"Lonely 14",13,"L14F011",8,198,0.323232323,1,1
"L11M001","Male",2014-03-03,2015-01-29,138,152,"Lonely 11",16,NA,8,332,0.042168675,1,1
"L14F009","Female",2014-09-16,2015-01-29,94,105,"Lonely 14",8,"L14F013",8,135,0.081481481,1,1
"L14M005","Male",2014-09-17,2015-01-29,121,135,"Lonely 14",8,"L14F013",8,134,0.104477612,1,1
"L14M022","Male",2016-02-08,2016-09-09,73,120,"Lonely 14",12,"L14F013",9,214,0.219626168,0,1
"L14F025","Female",2016-02-11,2016-09-09,68,101,"Lonely 14",12,"L14F013",9,211,0.156398104,0,1
"L14F023","Female",2016-02-09,2016-09-09,60,92,"Lonely 14",12,"L14F013",9,213,0.150234742,0,1
"L14M026","Male",2016-02-11,2016-09-10,45,105,"Lonely 14",12,"L14F013",9,212,0.283018868,0,1
"L14M024","Male",2016-02-10,2016-09-10,42,98,"Lonely 14",12,"L14F013",9,213,0.262910798,0,1
"L14M028","Male",2016-09-10,2017-05-30,65,114,"Lonely 14",9,"L14F013",13,262,0.187022901,1,1
"L14M024","Male",2016-09-10,2017-05-30,98,126,"Lonely 14",9,"L14F013",13,262,0.106870229,1,1
"L14M026","Male",2016-09-10,2017-05-30,105,138,"Lonely 14",9,"L14F013",13,262,0.125954198,1,1
"L14F025","Female",2016-09-09,2017-05-30,101,105,"Lonely 14",9,"L14F013",13,263,0.015209125,1,1
"L14F023","Female",2016-09-09,2017-05-30,92,90,"Lonely 14",9,"L14F013",13,263,-0.007604563,1,1
"L11M001","Male",2016-09-10,2017-05-30,167,170,"Lonely 14",9,"L14F013",13,262,0.011450382,1,1
"L14M027","Male",2016-09-09,2017-05-31,103,139,"Lonely 14",9,"L14F013",13,264,0.136363636,1,1
"L14M022","Male",2016-09-09,2017-05-31,120,148,"Lonely 14",9,"L14F013",13,264,0.106060606,1,1
"L15M001","Male",2014-03-07,2014-10-09,120,109,"Lonely 15",2,"L15F002",3,216,-0.050925926,1,1
"L15M001","Male",2014-10-09,2015-03-23,109,125,"Lonely 15",3,"L15F002",3,165,0.096969697,1,1
"L15F003","Female",2014-10-10,2015-03-23,18,58,"Lonely 15",3,"L15F002",3,164,0.243902439,1,1
"L15F003","Female",2015-03-23,2016-02-26,58,102,"Lonely 15",3,"L15F002",7,340,0.129411765,1,1
"L13M016","Male",2015-03-26,2016-02-27,145,162,"Lonely 13",8,"L13F008",7,338,0.050295858,1,1
"L15F006","Female",2016-02-27,2016-09-09,41,87,"Lonely 15",7,"L15F002",8,195,0.235897436,1,1
"L15M007","Male",2016-02-27,2016-09-09,38,82,"Lonely 15",7,"L15F002",8,195,0.225641026,1,1
"L15M004","Male",2016-02-26,2016-09-09,40,89,"Lonely 15",7,"L15F002",8,196,0.25,1,1
"L15F005","Female",2016-02-25,2016-09-09,39,88,"Lonely 15",7,"L15F002",8,197,0.248730964,1,1
"L13M016","Male",2016-02-27,2016-09-09,162,159,"Lonely 15",7,"L15F002",8,195,-0.015384615,1,1
"L15F009","Female",2016-09-09,2017-06-05,53,82,"Lonely 15",8,"L15F002",10,269,0.107806691,1,1
"L15M004","Male",2016-09-09,2017-06-05,89,118,"Lonely 15",8,"L15F002",10,269,0.107806691,1,1
"L15F005","Female",2016-09-09,2017-06-05,88,101,"Lonely 15",8,"L15F002",10,269,0.048327138,1,1
"L15M007","Male",2016-09-09,2017-06-05,82,91,"Lonely 15",8,"L15F002",10,269,0.033457249,1,1
"L15F006","Female",2016-09-09,2017-06-05,87,89,"Lonely 15",8,"L15F002",10,269,0.007434944,1,1
"L15F008","Female",2016-09-09,2017-06-05,50,82,"Lonely 15",8,"L15F002",10,269,0.118959108,1,1
"L13M016","Male",2016-09-09,2017-06-05,159,157,"Lonely 15",8,"L15F002",10,269,-0.007434944,1,1
"L13M003","Male",2014-03-02,2014-10-10,156,148,"Lonely 13",10,"L13F009",8,222,-0.036036036,1,1
"L16M002","Male",2014-03-13,2014-10-11,83,114,"Lonely 16",2,"L16F001",8,212,0.146226415,1,1
"L16M012","Male",2016-09-17,2017-06-27,30,90,"Lonely 16",9,"L16F001",12,283,0.212014134,1,1
"L16M011","Male",2016-09-16,2017-06-27,36,96,"Lonely 16",9,"L16F001",12,284,0.211267606,1,1
"L16F008","Female",2016-09-16,2017-06-27,72,97,"Lonely 16",9,"L16F001",12,284,0.088028169,1,1
"L13M003","Male",2016-09-17,2017-06-28,157,147,"Lonely 16",9,"L16F001",12,284,-0.035211268,1,1
"L16M014","Male",2016-09-17,2017-06-28,73,99,"Lonely 16",9,"L16F001",12,284,0.091549296,1,1
"L16F013","Female",2016-09-17,2017-06-28,36,82,"Lonely 16",9,"L16F001",12,284,0.161971831,1,1
"L16F009","Female",2016-09-16,2017-06-28,66,87,"Lonely 16",9,"L16F001",12,285,0.073684211,1,1
"L11M022","Male",2014-03-03,2014-06-23,129,143,"Lonely 11",16,NA,2,112,0.125,1,1
"L11M022","Male",2014-06-23,2015-03-08,143,162,"Lonely 17",2,NA,1,258,0.073643411,1,1
"L18F004","Female",2014-03-14,2014-09-30,80,87,"Lonely 18",14,"L18F002",9,200,0.035,1,1
"L18F007","Female",2014-03-14,2014-09-30,73,83,"Lonely 18",14,"L18F002",9,200,0.05,1,1
"L18F010","Female",2014-03-15,2014-09-30,92,97,"Lonely 18",14,"L18F002",9,199,0.025125628,1,1
"L18M001","Male",2014-03-13,2014-09-30,116,120,"Lonely 18",14,"L18F002",9,201,0.019900498,1,1
"L18F008","Female",2014-03-14,2014-10-01,65,83,"Lonely 18",14,"L18F002",9,201,0.089552239,1,1
"L18F009","Female",2014-03-15,2014-10-01,78,85,"Lonely 18",14,"L18F002",9,200,0.035,1,1
"L18M012","Male",2014-03-16,2014-10-01,56,83,"Lonely 18",14,"L18F002",9,199,0.135678392,1,1
"L18F008","Female",2016-03-04,2016-09-16,97,103,"Lonely 18",5,"L18F002",3,196,0.030612245,1,1
"L18F008","Female",2016-09-16,2017-06-27,103,101,"Lonely 18",3,"L18F002",7,284,-0.007042254,1,1
"L18M015","Male",2016-09-17,2017-06-27,139,133,"Lonely 18",3,"L18F002",7,283,-0.021201413,1,1
"L13F020","Female",2016-02-23,2016-10-06,87,102,"Lonely 13",12,"L13F008",1,226,0.066371681,0,1
"L20M009","Male",2016-10-08,2017-07-20,60,115,"Lonely 20",11,"L20F010",10,285,0.192982456,1,0
"L20M007","Male",2016-10-07,2017-07-20,59,115,"Lonely 20",11,"L20F010",10,286,0.195804196,1,0
"L20F005","Female",2016-10-07,2017-07-20,91,114,"Lonely 20",11,"L20F010",10,286,0.08041958,1,0
"L20M008","Male",2016-10-07,2017-07-21,67,113,"Lonely 20",11,"L20F010",10,287,0.160278746,1,0
"L20F001","Female",2016-10-06,2017-07-21,87,101,"Lonely 20",11,"L20F010",10,288,0.048611111,1,0
"L25M002","Male",2016-09-22,2017-06-21,134,158,"Lonely 25",3,"L16F007",6,272,0.088235294,0,1
"L25M001","Male",2016-09-22,2017-06-21,126,155,"Lonely 25",3,"L16F007",6,272,0.106617647,0,1
"L26M006","Male",2016-10-07,2017-07-14,75,116,"Lonely 26",10,"L26F007",10,280,0.146428571,1,1
"L26M009","Male",2016-10-08,2017-07-14,33,95,"Lonely 26",10,"L26F007",10,279,0.222222222,1,1
"L26F002","Female",2016-10-06,2017-07-15,86,102,"Lonely 26",10,"L26F007",10,282,0.056737589,1,1
"L26M003","Male",2016-10-06,2017-07-15,147,151,"Lonely 26",10,"L26F007",10,282,0.014184397,1,1
"L26F010","Female",2016-10-08,2017-07-16,23,89,"Lonely 26",10,"L26F007",10,281,0.234875445,1,1
"L26F004","Female",2016-10-06,2017-07-13,96,104,"Lonely 26",10,"L26F007",1,280,0.028571429,1,1
"L46F010","Female",2016-09-17,2017-07-21,93,104,"Lonely 46",10,"L46F002",1,307,0.035830619,1,1
"L11M007","Male",2013-09-23,2014-06-09,119,145,"Lonely 11",25,"L11F025",2,259,0.1003861,1,1
"L11M007","Male",2014-06-09,2014-12-10,145,156,"Lonely 38",2,"L38F001",5,184,0.059782609,1,1
"L40M010","Male",2016-09-22,2017-06-21,145,144,"Lonely 40",10,"L40F006",12,272,-0.003676471,0,1
"L40F014","Female",2016-09-23,2017-06-21,67,87,"Lonely 40",10,"L40F006",12,271,0.073800738,0,1
"L40F013","Female",2016-09-23,2017-06-21,107,119,"Lonely 40",10,"L40F006",12,271,0.044280443,0,1
"L40M007","Male",2016-09-22,2017-06-21,88,122,"Lonely 40",10,"L40F006",12,272,0.125,0,1
"L40M008","Male",2016-09-22,2017-06-21,127,139,"Lonely 40",10,"L40F006",12,272,0.044117647,0,1
"L40M011","Male",2016-09-22,2017-06-21,41,108,"Lonely 40",10,"L40F006",12,272,0.246323529,0,1
"L43M002","Male",2016-09-23,2017-06-22,157,152,"Lonely 40",10,"L40F006",12,272,-0.018382353,0,1
"L45F001","Female",2014-04-01,2014-09-30,130,148,"Lonely 45",1,NA,1,182,0.098901099,1,1
"L46F011","Female",2016-03-01,2016-09-16,53,92,"Lonely 46",10,"L46F002",10,199,0.195979899,1,1
"L46M001","Male",2016-03-03,2016-09-16,154,153,"Lonely 46",10,"L46F002",10,197,-0.005076142,1,1
"L46F014","Female",2016-03-02,2016-09-16,81,111,"Lonely 46",10,"L46F002",10,198,0.151515152,1,1
"L46F012","Female",2016-03-01,2016-09-16,54,99,"Lonely 46",10,"L46F002",10,199,0.226130653,1,1
"L46F010","Female",2016-02-29,2016-09-17,51,93,"Lonely 46",10,"L46F002",10,201,0.208955224,1,1
"L46M018","Male",2016-09-16,2017-06-27,90,127,"Lonely 46",10,"L46F002",12,284,0.13028169,1,0
"L46F017","Female",2016-09-16,2017-06-27,68,85,"Lonely 46",10,"L46F002",12,284,0.059859155,1,0
"L46M016","Male",2016-09-16,2017-06-27,64,106,"Lonely 46",10,"L46F002",12,284,0.147887324,1,0
"L46F011","Female",2016-09-16,2017-06-27,92,103,"Lonely 46",10,"L46F002",12,284,0.038732394,1,0
"L46M001","Male",2016-09-16,2017-06-28,153,154,"Lonely 46",10,"L46F002",12,285,0.003508772,1,0
"L46M019","Male",2016-09-16,2017-06-28,43,105,"Lonely 46",10,"L46F002",12,285,0.21754386,1,0
"L47F001","Female",2014-06-26,2015-03-13,151,173,"Lonely 47",1,NA,1,260,0.084615385,1,1
"L14M010","Male",2016-09-23,2017-06-21,175,173,"Lonely 48",6,"L48F001",11,271,-0.007380074,1,1
"L48M002","Male",2016-09-22,2017-06-22,73,130,"Lonely 48",6,"L48F001",11,273,0.208791209,1,1
"L48M003","Male",2016-09-22,2017-06-22,95,128,"Lonely 48",6,"L48F001",11,273,0.120879121,1,1
"L48M004","Male",2016-09-22,2017-06-22,79,111,"Lonely 48",6,"L48F001",11,273,0.117216117,1,1
"L48M005","Male",2016-09-23,2017-06-23,46,77,"Lonely 48",6,"L48F001",11,273,0.113553114,1,1
"L54F001","Female",2014-09-30,2015-03-27,136,142,"Lonely 54",1,NA,1,178,0.033707865,1,1
"L54F001","Female",2015-03-27,2016-03-02,142,147,"Lonely 54",1,NA,1,341,0.014662757,1,1
"L13F015","Female",2014-09-17,2015-01-29,93,98,"Lonely 13",8,"L13F008",1,134,0.037313433,1,1
"L14F004","Female",2014-09-17,2015-01-29,124,137,"Lonely 14",8,"L14F013",2,134,0.097014925,1,1
"L14M002","Male",2014-09-16,2015-01-31,105,123,"Lonely 14",8,"L14F013",2,137,0.131386861,1,1
"L62F002","Female",2016-02-09,2016-09-09,33,95,"Lonely 62",6,"L14F004",6,213,0.291079812,1,1
"L62F001","Female",2016-02-09,2016-09-09,58,102,"Lonely 62",6,"L14F004",6,213,0.20657277,1,1
"L62M003","Male",2016-02-10,2016-09-10,36,104,"Lonely 62",6,"L14F004",6,213,0.319248826,1,1
"L62M004","Female",2016-02-10,2016-09-10,31,69,"Lonely 62",6,"L14F004",6,213,0.178403756,1,1
"L14M002","Male",2016-02-09,2016-09-10,160,165,"Lonely 62",6,"L14F004",6,214,0.023364486,1,1
"L14M002","Male",2016-09-10,2017-06-05,165,181,"Lonely 62",6,"L14F004",6,268,0.059701493,1,1
"L62F002","Female",2016-09-09,2017-06-05,95,111,"Lonely 62",6,"L14F004",6,269,0.059479554,1,1
"L62M003","Male",2016-09-10,2017-06-06,104,143,"Lonely 62",6,"L14F004",6,269,0.144981413,1,1
"L14F006","Female",2014-09-16,2015-03-23,124,130,"Lonely 14",8,"L14F013",1,188,0.031914894,1,1
